case_id,assertion_id,assertion_type,subject_record_id,related_record_ids_json,expected_value_json,severity,description,snapshot_version
PANAMA_PAWPERS,ASSERT-ENTITY_CONTROL_TRUTH-38FE9C8EF2B3D309,ENTITY_CONTROL_TRUTH,CE-CROWN,"[""P-MARCELLUS""]","{""beneficial_owner_truth_id"":""P-MARCELLUS"",""corporate_entity_id"":""CE-CROWN"",""truth_category"":""FRAUD_CONTROLLED""}",REQUIRED,"Converted protected truth row from entity_control_truth.csv, source row 1.",2026.07.19.2
PANAMA_PAWPERS,ASSERT-ENTITY_CONTROL_TRUTH-6034B9A1D0CE89F0,ENTITY_CONTROL_TRUTH,CE-CORAL,"[""P-MARCELLUS""]","{""beneficial_owner_truth_id"":""P-MARCELLUS"",""corporate_entity_id"":""CE-CORAL"",""truth_category"":""FRAUD_CONTROLLED""}",REQUIRED,"Converted protected truth row from entity_control_truth.csv, source row 2.",2026.07.19.2
PANAMA_PAWPERS,ASSERT-ENTITY_CONTROL_TRUTH-1DE51E217F28ECCD,ENTITY_CONTROL_TRUTH,CE-LANTERN,"[""P-MARCELLUS""]","{""beneficial_owner_truth_id"":""P-MARCELLUS"",""corporate_entity_id"":""CE-LANTERN"",""truth_category"":""FRAUD_CONTROLLED""}",REQUIRED,"Converted protected truth row from entity_control_truth.csv, source row 3.",2026.07.19.2
PANAMA_PAWPERS,ASSERT-ENTITY_CONTROL_TRUTH-3D63A83CFBA87D5F,ENTITY_CONTROL_TRUTH,CE-DRIFTWOOD,"[""P-MARCELLUS""]","{""beneficial_owner_truth_id"":""P-MARCELLUS"",""corporate_entity_id"":""CE-DRIFTWOOD"",""truth_category"":""FRAUD_CONTROLLED""}",REQUIRED,"Converted protected truth row from entity_control_truth.csv, source row 4.",2026.07.19.2
PANAMA_PAWPERS,ASSERT-ENTITY_CONTROL_TRUTH-23717D6C5C6DF0B0,ENTITY_CONTROL_TRUTH,CE-SABLEPORT,"[""P-MARCELLUS""]","{""beneficial_owner_truth_id"":""P-MARCELLUS"",""corporate_entity_id"":""CE-SABLEPORT"",""truth_category"":""FRAUD_CONTROLLED""}",REQUIRED,"Converted protected truth row from entity_control_truth.csv, source row 5.",2026.07.19.2
PANAMA_PAWPERS,ASSERT-ENTITY_CONTROL_TRUTH-80D5D7088108C7F6,ENTITY_CONTROL_TRUTH,CE-BLUEPAW,"[""P-MARCELLUS""]","{""beneficial_owner_truth_id"":""P-MARCELLUS"",""corporate_entity_id"":""CE-BLUEPAW"",""truth_category"":""FRAUD_CONTROLLED""}",REQUIRED,"Converted protected truth row from entity_control_truth.csv, source row 6.",2026.07.19.2
PANAMA_PAWPERS,ASSERT-ENTITY_CONTROL_TRUTH-2CC9896CCBF4D169,ENTITY_CONTROL_TRUTH,CE-FAMILY,"[""DECLARED_OR_NONE""]","{""beneficial_owner_truth_id"":""DECLARED_OR_NONE"",""corporate_entity_id"":""CE-FAMILY"",""truth_category"":""LAWFUL_COMPARATOR""}",REQUIRED,"Converted protected truth row from entity_control_truth.csv, source row 7.",2026.07.19.2
PANAMA_PAWPERS,ASSERT-ENTITY_CONTROL_TRUTH-944D563AD49FD494,ENTITY_CONTROL_TRUTH,CE-FUND,"[""DECLARED_OR_NONE""]","{""beneficial_owner_truth_id"":""DECLARED_OR_NONE"",""corporate_entity_id"":""CE-FUND"",""truth_category"":""LAWFUL_COMPARATOR""}",REQUIRED,"Converted protected truth row from entity_control_truth.csv, source row 8.",2026.07.19.2
PANAMA_PAWPERS,ASSERT-ENTITY_CONTROL_TRUTH-14C2AC1D5DACA591,ENTITY_CONTROL_TRUTH,CE-CHARITY,"[""DECLARED_OR_NONE""]","{""beneficial_owner_truth_id"":""DECLARED_OR_NONE"",""corporate_entity_id"":""CE-CHARITY"",""truth_category"":""LAWFUL_COMPARATOR""}",REQUIRED,"Converted protected truth row from entity_control_truth.csv, source row 9.",2026.07.19.2
PANAMA_PAWPERS,ASSERT-ENTITY_CONTROL_TRUTH-6EBB7717C0470209,ENTITY_CONTROL_TRUTH,CE-CROWNLOOK,"[""DECLARED_OR_NONE""]","{""beneficial_owner_truth_id"":""DECLARED_OR_NONE"",""corporate_entity_id"":""CE-CROWNLOOK"",""truth_category"":""BENIGN_OR_AMBIGUOUS""}",REQUIRED,"Converted protected truth row from entity_control_truth.csv, source row 10.",2026.07.19.2
PANAMA_PAWPERS,ASSERT-ENTITY_CONTROL_TRUTH-9224505D31268C78,ENTITY_CONTROL_TRUTH,CE-0011,"[""P-MARCELLUS""]","{""beneficial_owner_truth_id"":""P-MARCELLUS"",""corporate_entity_id"":""CE-0011"",""truth_category"":""FRAUD_CONTROLLED""}",REQUIRED,"Converted protected truth row from entity_control_truth.csv, source row 11.",2026.07.19.2
PANAMA_PAWPERS,ASSERT-ENTITY_CONTROL_TRUTH-8EE76090B11A9DDA,ENTITY_CONTROL_TRUTH,CE-0012,"[""P-MARCELLUS""]","{""beneficial_owner_truth_id"":""P-MARCELLUS"",""corporate_entity_id"":""CE-0012"",""truth_category"":""FRAUD_CONTROLLED""}",REQUIRED,"Converted protected truth row from entity_control_truth.csv, source row 12.",2026.07.19.2
PANAMA_PAWPERS,ASSERT-ENTITY_CONTROL_TRUTH-3210564548E868F5,ENTITY_CONTROL_TRUTH,CE-0013,"[""P-MARCELLUS""]","{""beneficial_owner_truth_id"":""P-MARCELLUS"",""corporate_entity_id"":""CE-0013"",""truth_category"":""FRAUD_CONTROLLED""}",REQUIRED,"Converted protected truth row from entity_control_truth.csv, source row 13.",2026.07.19.2
PANAMA_PAWPERS,ASSERT-ENTITY_CONTROL_TRUTH-0CF5FCD12249B171,ENTITY_CONTROL_TRUTH,CE-0014,"[""P-MARCELLUS""]","{""beneficial_owner_truth_id"":""P-MARCELLUS"",""corporate_entity_id"":""CE-0014"",""truth_category"":""FRAUD_CONTROLLED""}",REQUIRED,"Converted protected truth row from entity_control_truth.csv, source row 14.",2026.07.19.2
PANAMA_PAWPERS,ASSERT-ENTITY_CONTROL_TRUTH-C5DE35FFA924ADEB,ENTITY_CONTROL_TRUTH,CE-0015,"[""P-MARCELLUS""]","{""beneficial_owner_truth_id"":""P-MARCELLUS"",""corporate_entity_id"":""CE-0015"",""truth_category"":""FRAUD_CONTROLLED""}",REQUIRED,"Converted protected truth row from entity_control_truth.csv, source row 15.",2026.07.19.2
PANAMA_PAWPERS,ASSERT-ENTITY_CONTROL_TRUTH-F09495CA2E0C1178,ENTITY_CONTROL_TRUTH,CE-0016,"[""P-MARCELLUS""]","{""beneficial_owner_truth_id"":""P-MARCELLUS"",""corporate_entity_id"":""CE-0016"",""truth_category"":""FRAUD_CONTROLLED""}",REQUIRED,"Converted protected truth row from entity_control_truth.csv, source row 16.",2026.07.19.2
PANAMA_PAWPERS,ASSERT-ENTITY_CONTROL_TRUTH-D53AEE66493165A3,ENTITY_CONTROL_TRUTH,CE-0017,"[""P-MARCELLUS""]","{""beneficial_owner_truth_id"":""P-MARCELLUS"",""corporate_entity_id"":""CE-0017"",""truth_category"":""FRAUD_CONTROLLED""}",REQUIRED,"Converted protected truth row from entity_control_truth.csv, source row 17.",2026.07.19.2
PANAMA_PAWPERS,ASSERT-ENTITY_CONTROL_TRUTH-03D8A7F260376941,ENTITY_CONTROL_TRUTH,CE-0018,"[""P-MARCELLUS""]","{""beneficial_owner_truth_id"":""P-MARCELLUS"",""corporate_entity_id"":""CE-0018"",""truth_category"":""FRAUD_CONTROLLED""}",REQUIRED,"Converted protected truth row from entity_control_truth.csv, source row 18.",2026.07.19.2
PANAMA_PAWPERS,ASSERT-ENTITY_CONTROL_TRUTH-42D81F069A322B25,ENTITY_CONTROL_TRUTH,CE-0019,"[""P-MARCELLUS""]","{""beneficial_owner_truth_id"":""P-MARCELLUS"",""corporate_entity_id"":""CE-0019"",""truth_category"":""FRAUD_CONTROLLED""}",REQUIRED,"Converted protected truth row from entity_control_truth.csv, source row 19.",2026.07.19.2
PANAMA_PAWPERS,ASSERT-ENTITY_CONTROL_TRUTH-ACB0D45ED09AE7E1,ENTITY_CONTROL_TRUTH,CE-0020,"[""P-MARCELLUS""]","{""beneficial_owner_truth_id"":""P-MARCELLUS"",""corporate_entity_id"":""CE-0020"",""truth_category"":""FRAUD_CONTROLLED""}",REQUIRED,"Converted protected truth row from entity_control_truth.csv, source row 20.",2026.07.19.2
PANAMA_PAWPERS,ASSERT-ENTITY_CONTROL_TRUTH-44F60D661AD87DF3,ENTITY_CONTROL_TRUTH,CE-0021,"[""P-MARCELLUS""]","{""beneficial_owner_truth_id"":""P-MARCELLUS"",""corporate_entity_id"":""CE-0021"",""truth_category"":""FRAUD_CONTROLLED""}",REQUIRED,"Converted protected truth row from entity_control_truth.csv, source row 21.",2026.07.19.2
PANAMA_PAWPERS,ASSERT-ENTITY_CONTROL_TRUTH-DE62F1967DEF9E73,ENTITY_CONTROL_TRUTH,CE-0022,"[""P-MARCELLUS""]","{""beneficial_owner_truth_id"":""P-MARCELLUS"",""corporate_entity_id"":""CE-0022"",""truth_category"":""FRAUD_CONTROLLED""}",REQUIRED,"Converted protected truth row from entity_control_truth.csv, source row 22.",2026.07.19.2
PANAMA_PAWPERS,ASSERT-ENTITY_CONTROL_TRUTH-CB90FE665592F1AC,ENTITY_CONTROL_TRUTH,CE-0023,"[""P-MARCELLUS""]","{""beneficial_owner_truth_id"":""P-MARCELLUS"",""corporate_entity_id"":""CE-0023"",""truth_category"":""FRAUD_CONTROLLED""}",REQUIRED,"Converted protected truth row from entity_control_truth.csv, source row 23.",2026.07.19.2
PANAMA_PAWPERS,ASSERT-ENTITY_CONTROL_TRUTH-628B514AFD27F33F,ENTITY_CONTROL_TRUTH,CE-0024,"[""P-MARCELLUS""]","{""beneficial_owner_truth_id"":""P-MARCELLUS"",""corporate_entity_id"":""CE-0024"",""truth_category"":""FRAUD_CONTROLLED""}",REQUIRED,"Converted protected truth row from entity_control_truth.csv, source row 24.",2026.07.19.2
PANAMA_PAWPERS,ASSERT-ENTITY_CONTROL_TRUTH-CF95BA58F47D0368,ENTITY_CONTROL_TRUTH,CE-0025,"[""P-MARCELLUS""]","{""beneficial_owner_truth_id"":""P-MARCELLUS"",""corporate_entity_id"":""CE-0025"",""truth_category"":""FRAUD_CONTROLLED""}",REQUIRED,"Converted protected truth row from entity_control_truth.csv, source row 25.",2026.07.19.2
PANAMA_PAWPERS,ASSERT-ENTITY_CONTROL_TRUTH-2E85CFC08EAC87C2,ENTITY_CONTROL_TRUTH,CE-0026,"[""P-MARCELLUS""]","{""beneficial_owner_truth_id"":""P-MARCELLUS"",""corporate_entity_id"":""CE-0026"",""truth_category"":""FRAUD_CONTROLLED""}",REQUIRED,"Converted protected truth row from entity_control_truth.csv, source row 26.",2026.07.19.2
PANAMA_PAWPERS,ASSERT-ENTITY_CONTROL_TRUTH-0F06D2B205239055,ENTITY_CONTROL_TRUTH,CE-0027,"[""P-MARCELLUS""]","{""beneficial_owner_truth_id"":""P-MARCELLUS"",""corporate_entity_id"":""CE-0027"",""truth_category"":""FRAUD_CONTROLLED""}",REQUIRED,"Converted protected truth row from entity_control_truth.csv, source row 27.",2026.07.19.2
PANAMA_PAWPERS,ASSERT-ENTITY_CONTROL_TRUTH-71E0953EE1AA5D4C,ENTITY_CONTROL_TRUTH,CE-0028,"[""P-MARCELLUS""]","{""beneficial_owner_truth_id"":""P-MARCELLUS"",""corporate_entity_id"":""CE-0028"",""truth_category"":""FRAUD_CONTROLLED""}",REQUIRED,"Converted protected truth row from entity_control_truth.csv, source row 28.",2026.07.19.2
PANAMA_PAWPERS,ASSERT-ENTITY_CONTROL_TRUTH-2EB8D32E0A24E13F,ENTITY_CONTROL_TRUTH,CE-0029,"[""P-MARCELLUS""]","{""beneficial_owner_truth_id"":""P-MARCELLUS"",""corporate_entity_id"":""CE-0029"",""truth_category"":""FRAUD_CONTROLLED""}",REQUIRED,"Converted protected truth row from entity_control_truth.csv, source row 29.",2026.07.19.2
PANAMA_PAWPERS,ASSERT-ENTITY_CONTROL_TRUTH-09DBB10A1D8F5773,ENTITY_CONTROL_TRUTH,CE-0030,"[""P-MARCELLUS""]","{""beneficial_owner_truth_id"":""P-MARCELLUS"",""corporate_entity_id"":""CE-0030"",""truth_category"":""FRAUD_CONTROLLED""}",REQUIRED,"Converted protected truth row from entity_control_truth.csv, source row 30.",2026.07.19.2
PANAMA_PAWPERS,ASSERT-ENTITY_CONTROL_TRUTH-C35EB91103DCEDD2,ENTITY_CONTROL_TRUTH,CE-0031,"[""P-MARCELLUS""]","{""beneficial_owner_truth_id"":""P-MARCELLUS"",""corporate_entity_id"":""CE-0031"",""truth_category"":""FRAUD_CONTROLLED""}",REQUIRED,"Converted protected truth row from entity_control_truth.csv, source row 31.",2026.07.19.2
PANAMA_PAWPERS,ASSERT-ENTITY_CONTROL_TRUTH-30E9FD2AE7C14042,ENTITY_CONTROL_TRUTH,CE-0032,"[""P-MARCELLUS""]","{""beneficial_owner_truth_id"":""P-MARCELLUS"",""corporate_entity_id"":""CE-0032"",""truth_category"":""FRAUD_CONTROLLED""}",REQUIRED,"Converted protected truth row from entity_control_truth.csv, source row 32.",2026.07.19.2
PANAMA_PAWPERS,ASSERT-ENTITY_CONTROL_TRUTH-088C4A06E8F4F2CE,ENTITY_CONTROL_TRUTH,CE-0033,"[""P-MARCELLUS""]","{""beneficial_owner_truth_id"":""P-MARCELLUS"",""corporate_entity_id"":""CE-0033"",""truth_category"":""FRAUD_CONTROLLED""}",REQUIRED,"Converted protected truth row from entity_control_truth.csv, source row 33.",2026.07.19.2
PANAMA_PAWPERS,ASSERT-ENTITY_CONTROL_TRUTH-3FCDBA724BBFC42F,ENTITY_CONTROL_TRUTH,CE-0034,"[""P-MARCELLUS""]","{""beneficial_owner_truth_id"":""P-MARCELLUS"",""corporate_entity_id"":""CE-0034"",""truth_category"":""FRAUD_CONTROLLED""}",REQUIRED,"Converted protected truth row from entity_control_truth.csv, source row 34.",2026.07.19.2
PANAMA_PAWPERS,ASSERT-ENTITY_CONTROL_TRUTH-8E715D6A58A6D659,ENTITY_CONTROL_TRUTH,CE-0035,"[""P-MARCELLUS""]","{""beneficial_owner_truth_id"":""P-MARCELLUS"",""corporate_entity_id"":""CE-0035"",""truth_category"":""FRAUD_CONTROLLED""}",REQUIRED,"Converted protected truth row from entity_control_truth.csv, source row 35.",2026.07.19.2
PANAMA_PAWPERS,ASSERT-ENTITY_CONTROL_TRUTH-E1D5B299AE77C3FA,ENTITY_CONTROL_TRUTH,CE-0036,"[""P-MARCELLUS""]","{""beneficial_owner_truth_id"":""P-MARCELLUS"",""corporate_entity_id"":""CE-0036"",""truth_category"":""FRAUD_CONTROLLED""}",REQUIRED,"Converted protected truth row from entity_control_truth.csv, source row 36.",2026.07.19.2
PANAMA_PAWPERS,ASSERT-ENTITY_CONTROL_TRUTH-FF4CA8A9EA472396,ENTITY_CONTROL_TRUTH,CE-0037,"[""P-MARCELLUS""]","{""beneficial_owner_truth_id"":""P-MARCELLUS"",""corporate_entity_id"":""CE-0037"",""truth_category"":""FRAUD_CONTROLLED""}",REQUIRED,"Converted protected truth row from entity_control_truth.csv, source row 37.",2026.07.19.2
PANAMA_PAWPERS,ASSERT-ENTITY_CONTROL_TRUTH-6BBE258FAB0CAE64,ENTITY_CONTROL_TRUTH,CE-0038,"[""P-MARCELLUS""]","{""beneficial_owner_truth_id"":""P-MARCELLUS"",""corporate_entity_id"":""CE-0038"",""truth_category"":""FRAUD_CONTROLLED""}",REQUIRED,"Converted protected truth row from entity_control_truth.csv, source row 38.",2026.07.19.2
PANAMA_PAWPERS,ASSERT-ENTITY_CONTROL_TRUTH-2E9982A26A455187,ENTITY_CONTROL_TRUTH,CE-0039,"[""P-MARCELLUS""]","{""beneficial_owner_truth_id"":""P-MARCELLUS"",""corporate_entity_id"":""CE-0039"",""truth_category"":""FRAUD_CONTROLLED""}",REQUIRED,"Converted protected truth row from entity_control_truth.csv, source row 39.",2026.07.19.2
PANAMA_PAWPERS,ASSERT-ENTITY_CONTROL_TRUTH-9043437AA09BB962,ENTITY_CONTROL_TRUTH,CE-0040,"[""P-MARCELLUS""]","{""beneficial_owner_truth_id"":""P-MARCELLUS"",""corporate_entity_id"":""CE-0040"",""truth_category"":""FRAUD_CONTROLLED""}",REQUIRED,"Converted protected truth row from entity_control_truth.csv, source row 40.",2026.07.19.2
PANAMA_PAWPERS,ASSERT-ENTITY_CONTROL_TRUTH-B9FEF405D7D09613,ENTITY_CONTROL_TRUTH,CE-0041,"[""P-MARCELLUS""]","{""beneficial_owner_truth_id"":""P-MARCELLUS"",""corporate_entity_id"":""CE-0041"",""truth_category"":""FRAUD_CONTROLLED""}",REQUIRED,"Converted protected truth row from entity_control_truth.csv, source row 41.",2026.07.19.2
PANAMA_PAWPERS,ASSERT-ENTITY_CONTROL_TRUTH-12C7AC12E924CB15,ENTITY_CONTROL_TRUTH,CE-0042,"[""P-MARCELLUS""]","{""beneficial_owner_truth_id"":""P-MARCELLUS"",""corporate_entity_id"":""CE-0042"",""truth_category"":""FRAUD_CONTROLLED""}",REQUIRED,"Converted protected truth row from entity_control_truth.csv, source row 42.",2026.07.19.2
PANAMA_PAWPERS,ASSERT-ENTITY_CONTROL_TRUTH-92311F3E507AC74B,ENTITY_CONTROL_TRUTH,CE-0043,"[""P-MARCELLUS""]","{""beneficial_owner_truth_id"":""P-MARCELLUS"",""corporate_entity_id"":""CE-0043"",""truth_category"":""FRAUD_CONTROLLED""}",REQUIRED,"Converted protected truth row from entity_control_truth.csv, source row 43.",2026.07.19.2
PANAMA_PAWPERS,ASSERT-ENTITY_CONTROL_TRUTH-F277C62B94D95D3F,ENTITY_CONTROL_TRUTH,CE-0044,"[""P-MARCELLUS""]","{""beneficial_owner_truth_id"":""P-MARCELLUS"",""corporate_entity_id"":""CE-0044"",""truth_category"":""FRAUD_CONTROLLED""}",REQUIRED,"Converted protected truth row from entity_control_truth.csv, source row 44.",2026.07.19.2
PANAMA_PAWPERS,ASSERT-ENTITY_CONTROL_TRUTH-88B30313311C5FB0,ENTITY_CONTROL_TRUTH,CE-0045,"[""P-MARCELLUS""]","{""beneficial_owner_truth_id"":""P-MARCELLUS"",""corporate_entity_id"":""CE-0045"",""truth_category"":""FRAUD_CONTROLLED""}",REQUIRED,"Converted protected truth row from entity_control_truth.csv, source row 45.",2026.07.19.2
PANAMA_PAWPERS,ASSERT-ENTITY_CONTROL_TRUTH-A1F26B809DF1D3FB,ENTITY_CONTROL_TRUTH,CE-0046,"[""P-MARCELLUS""]","{""beneficial_owner_truth_id"":""P-MARCELLUS"",""corporate_entity_id"":""CE-0046"",""truth_category"":""FRAUD_CONTROLLED""}",REQUIRED,"Converted protected truth row from entity_control_truth.csv, source row 46.",2026.07.19.2
PANAMA_PAWPERS,ASSERT-ENTITY_CONTROL_TRUTH-6DF411EB3082122B,ENTITY_CONTROL_TRUTH,CE-0047,"[""P-MARCELLUS""]","{""beneficial_owner_truth_id"":""P-MARCELLUS"",""corporate_entity_id"":""CE-0047"",""truth_category"":""FRAUD_CONTROLLED""}",REQUIRED,"Converted protected truth row from entity_control_truth.csv, source row 47.",2026.07.19.2
PANAMA_PAWPERS,ASSERT-ENTITY_CONTROL_TRUTH-4D3036D2120517E7,ENTITY_CONTROL_TRUTH,CE-0048,"[""P-MARCELLUS""]","{""beneficial_owner_truth_id"":""P-MARCELLUS"",""corporate_entity_id"":""CE-0048"",""truth_category"":""FRAUD_CONTROLLED""}",REQUIRED,"Converted protected truth row from entity_control_truth.csv, source row 48.",2026.07.19.2
PANAMA_PAWPERS,ASSERT-ENTITY_CONTROL_TRUTH-4429AF88C24CCA22,ENTITY_CONTROL_TRUTH,CE-0049,"[""P-MARCELLUS""]","{""beneficial_owner_truth_id"":""P-MARCELLUS"",""corporate_entity_id"":""CE-0049"",""truth_category"":""FRAUD_CONTROLLED""}",REQUIRED,"Converted protected truth row from entity_control_truth.csv, source row 49.",2026.07.19.2
PANAMA_PAWPERS,ASSERT-ENTITY_CONTROL_TRUTH-D5BF17AF1AD74755,ENTITY_CONTROL_TRUTH,CE-0050,"[""P-MARCELLUS""]","{""beneficial_owner_truth_id"":""P-MARCELLUS"",""corporate_entity_id"":""CE-0050"",""truth_category"":""FRAUD_CONTROLLED""}",REQUIRED,"Converted protected truth row from entity_control_truth.csv, source row 50.",2026.07.19.2
PANAMA_PAWPERS,ASSERT-ENTITY_CONTROL_TRUTH-20C669397E52CAF1,ENTITY_CONTROL_TRUTH,CE-0051,"[""P-MARCELLUS""]","{""beneficial_owner_truth_id"":""P-MARCELLUS"",""corporate_entity_id"":""CE-0051"",""truth_category"":""FRAUD_CONTROLLED""}",REQUIRED,"Converted protected truth row from entity_control_truth.csv, source row 51.",2026.07.19.2
PANAMA_PAWPERS,ASSERT-ENTITY_CONTROL_TRUTH-E9C11153BF3E420A,ENTITY_CONTROL_TRUTH,CE-0052,"[""P-MARCELLUS""]","{""beneficial_owner_truth_id"":""P-MARCELLUS"",""corporate_entity_id"":""CE-0052"",""truth_category"":""FRAUD_CONTROLLED""}",REQUIRED,"Converted protected truth row from entity_control_truth.csv, source row 52.",2026.07.19.2
PANAMA_PAWPERS,ASSERT-ENTITY_CONTROL_TRUTH-5A42E40639D193E0,ENTITY_CONTROL_TRUTH,CE-0053,"[""P-MARCELLUS""]","{""beneficial_owner_truth_id"":""P-MARCELLUS"",""corporate_entity_id"":""CE-0053"",""truth_category"":""FRAUD_CONTROLLED""}",REQUIRED,"Converted protected truth row from entity_control_truth.csv, source row 53.",2026.07.19.2
PANAMA_PAWPERS,ASSERT-ENTITY_CONTROL_TRUTH-7C54ECD063E2B3D0,ENTITY_CONTROL_TRUTH,CE-0054,"[""P-MARCELLUS""]","{""beneficial_owner_truth_id"":""P-MARCELLUS"",""corporate_entity_id"":""CE-0054"",""truth_category"":""FRAUD_CONTROLLED""}",REQUIRED,"Converted protected truth row from entity_control_truth.csv, source row 54.",2026.07.19.2
PANAMA_PAWPERS,ASSERT-ENTITY_CONTROL_TRUTH-FF4D1487782727A3,ENTITY_CONTROL_TRUTH,CE-0055,"[""P-MARCELLUS""]","{""beneficial_owner_truth_id"":""P-MARCELLUS"",""corporate_entity_id"":""CE-0055"",""truth_category"":""FRAUD_CONTROLLED""}",REQUIRED,"Converted protected truth row from entity_control_truth.csv, source row 55.",2026.07.19.2
PANAMA_PAWPERS,ASSERT-ENTITY_CONTROL_TRUTH-CE0648F4E3B42DED,ENTITY_CONTROL_TRUTH,CE-0056,"[""P-MARCELLUS""]","{""beneficial_owner_truth_id"":""P-MARCELLUS"",""corporate_entity_id"":""CE-0056"",""truth_category"":""FRAUD_CONTROLLED""}",REQUIRED,"Converted protected truth row from entity_control_truth.csv, source row 56.",2026.07.19.2
PANAMA_PAWPERS,ASSERT-ENTITY_CONTROL_TRUTH-FFEC440EC07E5C0E,ENTITY_CONTROL_TRUTH,CE-0057,"[""P-MARCELLUS""]","{""beneficial_owner_truth_id"":""P-MARCELLUS"",""corporate_entity_id"":""CE-0057"",""truth_category"":""FRAUD_CONTROLLED""}",REQUIRED,"Converted protected truth row from entity_control_truth.csv, source row 57.",2026.07.19.2
PANAMA_PAWPERS,ASSERT-ENTITY_CONTROL_TRUTH-290A1B62D7882435,ENTITY_CONTROL_TRUTH,CE-0058,"[""P-MARCELLUS""]","{""beneficial_owner_truth_id"":""P-MARCELLUS"",""corporate_entity_id"":""CE-0058"",""truth_category"":""FRAUD_CONTROLLED""}",REQUIRED,"Converted protected truth row from entity_control_truth.csv, source row 58.",2026.07.19.2
PANAMA_PAWPERS,ASSERT-ENTITY_CONTROL_TRUTH-896EBAD3C47E5440,ENTITY_CONTROL_TRUTH,CE-0059,"[""P-MARCELLUS""]","{""beneficial_owner_truth_id"":""P-MARCELLUS"",""corporate_entity_id"":""CE-0059"",""truth_category"":""FRAUD_CONTROLLED""}",REQUIRED,"Converted protected truth row from entity_control_truth.csv, source row 59.",2026.07.19.2
PANAMA_PAWPERS,ASSERT-ENTITY_CONTROL_TRUTH-F82A5CFB59866E4A,ENTITY_CONTROL_TRUTH,CE-0060,"[""P-MARCELLUS""]","{""beneficial_owner_truth_id"":""P-MARCELLUS"",""corporate_entity_id"":""CE-0060"",""truth_category"":""FRAUD_CONTROLLED""}",REQUIRED,"Converted protected truth row from entity_control_truth.csv, source row 60.",2026.07.19.2
PANAMA_PAWPERS,ASSERT-ENTITY_CONTROL_TRUTH-F633728B8CD91B98,ENTITY_CONTROL_TRUTH,CE-0061,"[""P-MARCELLUS""]","{""beneficial_owner_truth_id"":""P-MARCELLUS"",""corporate_entity_id"":""CE-0061"",""truth_category"":""FRAUD_CONTROLLED""}",REQUIRED,"Converted protected truth row from entity_control_truth.csv, source row 61.",2026.07.19.2
PANAMA_PAWPERS,ASSERT-ENTITY_CONTROL_TRUTH-1F77149C87CE44B3,ENTITY_CONTROL_TRUTH,CE-0062,"[""P-MARCELLUS""]","{""beneficial_owner_truth_id"":""P-MARCELLUS"",""corporate_entity_id"":""CE-0062"",""truth_category"":""FRAUD_CONTROLLED""}",REQUIRED,"Converted protected truth row from entity_control_truth.csv, source row 62.",2026.07.19.2
PANAMA_PAWPERS,ASSERT-ENTITY_CONTROL_TRUTH-02B362AD9672D5C6,ENTITY_CONTROL_TRUTH,CE-0063,"[""P-MARCELLUS""]","{""beneficial_owner_truth_id"":""P-MARCELLUS"",""corporate_entity_id"":""CE-0063"",""truth_category"":""FRAUD_CONTROLLED""}",REQUIRED,"Converted protected truth row from entity_control_truth.csv, source row 63.",2026.07.19.2
PANAMA_PAWPERS,ASSERT-ENTITY_CONTROL_TRUTH-8C0FD838051EA77A,ENTITY_CONTROL_TRUTH,CE-0064,"[""P-MARCELLUS""]","{""beneficial_owner_truth_id"":""P-MARCELLUS"",""corporate_entity_id"":""CE-0064"",""truth_category"":""FRAUD_CONTROLLED""}",REQUIRED,"Converted protected truth row from entity_control_truth.csv, source row 64.",2026.07.19.2
PANAMA_PAWPERS,ASSERT-ENTITY_CONTROL_TRUTH-EFE34374541AF8E0,ENTITY_CONTROL_TRUTH,CE-0065,"[""P-MARCELLUS""]","{""beneficial_owner_truth_id"":""P-MARCELLUS"",""corporate_entity_id"":""CE-0065"",""truth_category"":""FRAUD_CONTROLLED""}",REQUIRED,"Converted protected truth row from entity_control_truth.csv, source row 65.",2026.07.19.2
PANAMA_PAWPERS,ASSERT-ENTITY_CONTROL_TRUTH-D8A3B1C5B99A589D,ENTITY_CONTROL_TRUTH,CE-0066,"[""P-MARCELLUS""]","{""beneficial_owner_truth_id"":""P-MARCELLUS"",""corporate_entity_id"":""CE-0066"",""truth_category"":""FRAUD_CONTROLLED""}",REQUIRED,"Converted protected truth row from entity_control_truth.csv, source row 66.",2026.07.19.2
PANAMA_PAWPERS,ASSERT-ENTITY_CONTROL_TRUTH-E3E9A890F54E06F3,ENTITY_CONTROL_TRUTH,CE-0067,"[""P-MARCELLUS""]","{""beneficial_owner_truth_id"":""P-MARCELLUS"",""corporate_entity_id"":""CE-0067"",""truth_category"":""FRAUD_CONTROLLED""}",REQUIRED,"Converted protected truth row from entity_control_truth.csv, source row 67.",2026.07.19.2
PANAMA_PAWPERS,ASSERT-ENTITY_CONTROL_TRUTH-0C2661FA6B07BA1D,ENTITY_CONTROL_TRUTH,CE-0068,"[""P-MARCELLUS""]","{""beneficial_owner_truth_id"":""P-MARCELLUS"",""corporate_entity_id"":""CE-0068"",""truth_category"":""FRAUD_CONTROLLED""}",REQUIRED,"Converted protected truth row from entity_control_truth.csv, source row 68.",2026.07.19.2
PANAMA_PAWPERS,ASSERT-ENTITY_CONTROL_TRUTH-B0E39765E673A358,ENTITY_CONTROL_TRUTH,CE-0069,"[""P-MARCELLUS""]","{""beneficial_owner_truth_id"":""P-MARCELLUS"",""corporate_entity_id"":""CE-0069"",""truth_category"":""FRAUD_CONTROLLED""}",REQUIRED,"Converted protected truth row from entity_control_truth.csv, source row 69.",2026.07.19.2
PANAMA_PAWPERS,ASSERT-ENTITY_CONTROL_TRUTH-744923F0F2FBEF8C,ENTITY_CONTROL_TRUTH,CE-0070,"[""P-MARCELLUS""]","{""beneficial_owner_truth_id"":""P-MARCELLUS"",""corporate_entity_id"":""CE-0070"",""truth_category"":""FRAUD_CONTROLLED""}",REQUIRED,"Converted protected truth row from entity_control_truth.csv, source row 70.",2026.07.19.2
PANAMA_PAWPERS,ASSERT-ENTITY_CONTROL_TRUTH-1633A62E1D480A46,ENTITY_CONTROL_TRUTH,CE-0071,"[""P-MARCELLUS""]","{""beneficial_owner_truth_id"":""P-MARCELLUS"",""corporate_entity_id"":""CE-0071"",""truth_category"":""FRAUD_CONTROLLED""}",REQUIRED,"Converted protected truth row from entity_control_truth.csv, source row 71.",2026.07.19.2
PANAMA_PAWPERS,ASSERT-ENTITY_CONTROL_TRUTH-928587F56E0D1308,ENTITY_CONTROL_TRUTH,CE-0072,"[""P-MARCELLUS""]","{""beneficial_owner_truth_id"":""P-MARCELLUS"",""corporate_entity_id"":""CE-0072"",""truth_category"":""FRAUD_CONTROLLED""}",REQUIRED,"Converted protected truth row from entity_control_truth.csv, source row 72.",2026.07.19.2
PANAMA_PAWPERS,ASSERT-ENTITY_CONTROL_TRUTH-7FCD43FD81BA1799,ENTITY_CONTROL_TRUTH,CE-0073,"[""P-MARCELLUS""]","{""beneficial_owner_truth_id"":""P-MARCELLUS"",""corporate_entity_id"":""CE-0073"",""truth_category"":""FRAUD_CONTROLLED""}",REQUIRED,"Converted protected truth row from entity_control_truth.csv, source row 73.",2026.07.19.2
PANAMA_PAWPERS,ASSERT-ENTITY_CONTROL_TRUTH-3C6F8A6D8ED4F007,ENTITY_CONTROL_TRUTH,CE-0074,"[""P-MARCELLUS""]","{""beneficial_owner_truth_id"":""P-MARCELLUS"",""corporate_entity_id"":""CE-0074"",""truth_category"":""FRAUD_CONTROLLED""}",REQUIRED,"Converted protected truth row from entity_control_truth.csv, source row 74.",2026.07.19.2
PANAMA_PAWPERS,ASSERT-ENTITY_CONTROL_TRUTH-12CAE508BFE81B3B,ENTITY_CONTROL_TRUTH,CE-0075,"[""P-MARCELLUS""]","{""beneficial_owner_truth_id"":""P-MARCELLUS"",""corporate_entity_id"":""CE-0075"",""truth_category"":""FRAUD_CONTROLLED""}",REQUIRED,"Converted protected truth row from entity_control_truth.csv, source row 75.",2026.07.19.2
PANAMA_PAWPERS,ASSERT-ENTITY_CONTROL_TRUTH-1B95D879E548340D,ENTITY_CONTROL_TRUTH,CE-0076,"[""P-MARCELLUS""]","{""beneficial_owner_truth_id"":""P-MARCELLUS"",""corporate_entity_id"":""CE-0076"",""truth_category"":""FRAUD_CONTROLLED""}",REQUIRED,"Converted protected truth row from entity_control_truth.csv, source row 76.",2026.07.19.2
PANAMA_PAWPERS,ASSERT-ENTITY_CONTROL_TRUTH-5C341E1A72B0ED73,ENTITY_CONTROL_TRUTH,CE-0077,"[""P-MARCELLUS""]","{""beneficial_owner_truth_id"":""P-MARCELLUS"",""corporate_entity_id"":""CE-0077"",""truth_category"":""FRAUD_CONTROLLED""}",REQUIRED,"Converted protected truth row from entity_control_truth.csv, source row 77.",2026.07.19.2
PANAMA_PAWPERS,ASSERT-ENTITY_CONTROL_TRUTH-67570A9396285335,ENTITY_CONTROL_TRUTH,CE-0078,"[""P-MARCELLUS""]","{""beneficial_owner_truth_id"":""P-MARCELLUS"",""corporate_entity_id"":""CE-0078"",""truth_category"":""FRAUD_CONTROLLED""}",REQUIRED,"Converted protected truth row from entity_control_truth.csv, source row 78.",2026.07.19.2
PANAMA_PAWPERS,ASSERT-ENTITY_CONTROL_TRUTH-E5519862EBBBA3F9,ENTITY_CONTROL_TRUTH,CE-0079,"[""P-MARCELLUS""]","{""beneficial_owner_truth_id"":""P-MARCELLUS"",""corporate_entity_id"":""CE-0079"",""truth_category"":""FRAUD_CONTROLLED""}",REQUIRED,"Converted protected truth row from entity_control_truth.csv, source row 79.",2026.07.19.2
PANAMA_PAWPERS,ASSERT-ENTITY_CONTROL_TRUTH-BB7E53AC95B965F5,ENTITY_CONTROL_TRUTH,CE-0080,"[""P-MARCELLUS""]","{""beneficial_owner_truth_id"":""P-MARCELLUS"",""corporate_entity_id"":""CE-0080"",""truth_category"":""FRAUD_CONTROLLED""}",REQUIRED,"Converted protected truth row from entity_control_truth.csv, source row 80.",2026.07.19.2
PANAMA_PAWPERS,ASSERT-ENTITY_CONTROL_TRUTH-827FCBD0C5766F8D,ENTITY_CONTROL_TRUTH,CE-0081,"[""P-MARCELLUS""]","{""beneficial_owner_truth_id"":""P-MARCELLUS"",""corporate_entity_id"":""CE-0081"",""truth_category"":""FRAUD_CONTROLLED""}",REQUIRED,"Converted protected truth row from entity_control_truth.csv, source row 81.",2026.07.19.2
PANAMA_PAWPERS,ASSERT-ENTITY_CONTROL_TRUTH-A1EE1BF71DE9CCAE,ENTITY_CONTROL_TRUTH,CE-0082,"[""P-MARCELLUS""]","{""beneficial_owner_truth_id"":""P-MARCELLUS"",""corporate_entity_id"":""CE-0082"",""truth_category"":""FRAUD_CONTROLLED""}",REQUIRED,"Converted protected truth row from entity_control_truth.csv, source row 82.",2026.07.19.2
PANAMA_PAWPERS,ASSERT-ENTITY_CONTROL_TRUTH-45C760D0D40BF580,ENTITY_CONTROL_TRUTH,CE-0083,"[""P-MARCELLUS""]","{""beneficial_owner_truth_id"":""P-MARCELLUS"",""corporate_entity_id"":""CE-0083"",""truth_category"":""FRAUD_CONTROLLED""}",REQUIRED,"Converted protected truth row from entity_control_truth.csv, source row 83.",2026.07.19.2
PANAMA_PAWPERS,ASSERT-ENTITY_CONTROL_TRUTH-085FA4B80A0D3781,ENTITY_CONTROL_TRUTH,CE-0084,"[""P-MARCELLUS""]","{""beneficial_owner_truth_id"":""P-MARCELLUS"",""corporate_entity_id"":""CE-0084"",""truth_category"":""FRAUD_CONTROLLED""}",REQUIRED,"Converted protected truth row from entity_control_truth.csv, source row 84.",2026.07.19.2
PANAMA_PAWPERS,ASSERT-ENTITY_CONTROL_TRUTH-3C81BE36F10B9DE9,ENTITY_CONTROL_TRUTH,CE-0085,"[""P-MARCELLUS""]","{""beneficial_owner_truth_id"":""P-MARCELLUS"",""corporate_entity_id"":""CE-0085"",""truth_category"":""FRAUD_CONTROLLED""}",REQUIRED,"Converted protected truth row from entity_control_truth.csv, source row 85.",2026.07.19.2
PANAMA_PAWPERS,ASSERT-ENTITY_CONTROL_TRUTH-2AB980F69A33CF2E,ENTITY_CONTROL_TRUTH,CE-0086,"[""P-MARCELLUS""]","{""beneficial_owner_truth_id"":""P-MARCELLUS"",""corporate_entity_id"":""CE-0086"",""truth_category"":""FRAUD_CONTROLLED""}",REQUIRED,"Converted protected truth row from entity_control_truth.csv, source row 86.",2026.07.19.2
PANAMA_PAWPERS,ASSERT-ENTITY_CONTROL_TRUTH-B872E5A536CB44C7,ENTITY_CONTROL_TRUTH,CE-0087,"[""P-MARCELLUS""]","{""beneficial_owner_truth_id"":""P-MARCELLUS"",""corporate_entity_id"":""CE-0087"",""truth_category"":""FRAUD_CONTROLLED""}",REQUIRED,"Converted protected truth row from entity_control_truth.csv, source row 87.",2026.07.19.2
PANAMA_PAWPERS,ASSERT-ENTITY_CONTROL_TRUTH-67BE85C88908377D,ENTITY_CONTROL_TRUTH,CE-0088,"[""P-MARCELLUS""]","{""beneficial_owner_truth_id"":""P-MARCELLUS"",""corporate_entity_id"":""CE-0088"",""truth_category"":""FRAUD_CONTROLLED""}",REQUIRED,"Converted protected truth row from entity_control_truth.csv, source row 88.",2026.07.19.2
PANAMA_PAWPERS,ASSERT-ENTITY_CONTROL_TRUTH-60F0F885BB0CDC50,ENTITY_CONTROL_TRUTH,CE-0089,"[""P-MARCELLUS""]","{""beneficial_owner_truth_id"":""P-MARCELLUS"",""corporate_entity_id"":""CE-0089"",""truth_category"":""FRAUD_CONTROLLED""}",REQUIRED,"Converted protected truth row from entity_control_truth.csv, source row 89.",2026.07.19.2
PANAMA_PAWPERS,ASSERT-ENTITY_CONTROL_TRUTH-B4497B23BF588429,ENTITY_CONTROL_TRUTH,CE-0090,"[""P-MARCELLUS""]","{""beneficial_owner_truth_id"":""P-MARCELLUS"",""corporate_entity_id"":""CE-0090"",""truth_category"":""FRAUD_CONTROLLED""}",REQUIRED,"Converted protected truth row from entity_control_truth.csv, source row 90.",2026.07.19.2
PANAMA_PAWPERS,ASSERT-ENTITY_CONTROL_TRUTH-177EC685F2B51DC5,ENTITY_CONTROL_TRUTH,CE-0091,"[""DECLARED_OR_NONE""]","{""beneficial_owner_truth_id"":""DECLARED_OR_NONE"",""corporate_entity_id"":""CE-0091"",""truth_category"":""BENIGN_OR_AMBIGUOUS""}",REQUIRED,"Converted protected truth row from entity_control_truth.csv, source row 91.",2026.07.19.2
PANAMA_PAWPERS,ASSERT-ENTITY_CONTROL_TRUTH-437AC7B7C39A7386,ENTITY_CONTROL_TRUTH,CE-0092,"[""DECLARED_OR_NONE""]","{""beneficial_owner_truth_id"":""DECLARED_OR_NONE"",""corporate_entity_id"":""CE-0092"",""truth_category"":""BENIGN_OR_AMBIGUOUS""}",REQUIRED,"Converted protected truth row from entity_control_truth.csv, source row 92.",2026.07.19.2
PANAMA_PAWPERS,ASSERT-ENTITY_CONTROL_TRUTH-0571E00C7D7E68D5,ENTITY_CONTROL_TRUTH,CE-0093,"[""DECLARED_OR_NONE""]","{""beneficial_owner_truth_id"":""DECLARED_OR_NONE"",""corporate_entity_id"":""CE-0093"",""truth_category"":""BENIGN_OR_AMBIGUOUS""}",REQUIRED,"Converted protected truth row from entity_control_truth.csv, source row 93.",2026.07.19.2
PANAMA_PAWPERS,ASSERT-ENTITY_CONTROL_TRUTH-CD95DADFBC5DBD95,ENTITY_CONTROL_TRUTH,CE-0094,"[""DECLARED_OR_NONE""]","{""beneficial_owner_truth_id"":""DECLARED_OR_NONE"",""corporate_entity_id"":""CE-0094"",""truth_category"":""BENIGN_OR_AMBIGUOUS""}",REQUIRED,"Converted protected truth row from entity_control_truth.csv, source row 94.",2026.07.19.2
PANAMA_PAWPERS,ASSERT-ENTITY_CONTROL_TRUTH-FB0306BA6FCE0BA6,ENTITY_CONTROL_TRUTH,CE-0095,"[""DECLARED_OR_NONE""]","{""beneficial_owner_truth_id"":""DECLARED_OR_NONE"",""corporate_entity_id"":""CE-0095"",""truth_category"":""BENIGN_OR_AMBIGUOUS""}",REQUIRED,"Converted protected truth row from entity_control_truth.csv, source row 95.",2026.07.19.2
PANAMA_PAWPERS,ASSERT-ENTITY_CONTROL_TRUTH-38F5B7FA1651D8B8,ENTITY_CONTROL_TRUTH,CE-0096,"[""DECLARED_OR_NONE""]","{""beneficial_owner_truth_id"":""DECLARED_OR_NONE"",""corporate_entity_id"":""CE-0096"",""truth_category"":""BENIGN_OR_AMBIGUOUS""}",REQUIRED,"Converted protected truth row from entity_control_truth.csv, source row 96.",2026.07.19.2
PANAMA_PAWPERS,ASSERT-ENTITY_CONTROL_TRUTH-CBE45D079FAB7635,ENTITY_CONTROL_TRUTH,CE-0097,"[""DECLARED_OR_NONE""]","{""beneficial_owner_truth_id"":""DECLARED_OR_NONE"",""corporate_entity_id"":""CE-0097"",""truth_category"":""BENIGN_OR_AMBIGUOUS""}",REQUIRED,"Converted protected truth row from entity_control_truth.csv, source row 97.",2026.07.19.2
PANAMA_PAWPERS,ASSERT-ENTITY_CONTROL_TRUTH-4527F5967EACE084,ENTITY_CONTROL_TRUTH,CE-0098,"[""DECLARED_OR_NONE""]","{""beneficial_owner_truth_id"":""DECLARED_OR_NONE"",""corporate_entity_id"":""CE-0098"",""truth_category"":""BENIGN_OR_AMBIGUOUS""}",REQUIRED,"Converted protected truth row from entity_control_truth.csv, source row 98.",2026.07.19.2
PANAMA_PAWPERS,ASSERT-ENTITY_CONTROL_TRUTH-F00625266004C629,ENTITY_CONTROL_TRUTH,CE-0099,"[""DECLARED_OR_NONE""]","{""beneficial_owner_truth_id"":""DECLARED_OR_NONE"",""corporate_entity_id"":""CE-0099"",""truth_category"":""BENIGN_OR_AMBIGUOUS""}",REQUIRED,"Converted protected truth row from entity_control_truth.csv, source row 99.",2026.07.19.2
PANAMA_PAWPERS,ASSERT-ENTITY_CONTROL_TRUTH-AEB8BAAE9E631088,ENTITY_CONTROL_TRUTH,CE-0100,"[""DECLARED_OR_NONE""]","{""beneficial_owner_truth_id"":""DECLARED_OR_NONE"",""corporate_entity_id"":""CE-0100"",""truth_category"":""BENIGN_OR_AMBIGUOUS""}",REQUIRED,"Converted protected truth row from entity_control_truth.csv, source row 100.",2026.07.19.2
PANAMA_PAWPERS,ASSERT-ENTITY_CONTROL_TRUTH-B56539F37AF4C995,ENTITY_CONTROL_TRUTH,CE-0101,"[""DECLARED_OR_NONE""]","{""beneficial_owner_truth_id"":""DECLARED_OR_NONE"",""corporate_entity_id"":""CE-0101"",""truth_category"":""BENIGN_OR_AMBIGUOUS""}",REQUIRED,"Converted protected truth row from entity_control_truth.csv, source row 101.",2026.07.19.2
PANAMA_PAWPERS,ASSERT-ENTITY_CONTROL_TRUTH-A4ED53F06B1C2023,ENTITY_CONTROL_TRUTH,CE-0102,"[""DECLARED_OR_NONE""]","{""beneficial_owner_truth_id"":""DECLARED_OR_NONE"",""corporate_entity_id"":""CE-0102"",""truth_category"":""BENIGN_OR_AMBIGUOUS""}",REQUIRED,"Converted protected truth row from entity_control_truth.csv, source row 102.",2026.07.19.2
PANAMA_PAWPERS,ASSERT-ENTITY_CONTROL_TRUTH-BDFB894C9176012C,ENTITY_CONTROL_TRUTH,CE-0103,"[""DECLARED_OR_NONE""]","{""beneficial_owner_truth_id"":""DECLARED_OR_NONE"",""corporate_entity_id"":""CE-0103"",""truth_category"":""BENIGN_OR_AMBIGUOUS""}",REQUIRED,"Converted protected truth row from entity_control_truth.csv, source row 103.",2026.07.19.2
PANAMA_PAWPERS,ASSERT-ENTITY_CONTROL_TRUTH-8876FA6DB8626248,ENTITY_CONTROL_TRUTH,CE-0104,"[""DECLARED_OR_NONE""]","{""beneficial_owner_truth_id"":""DECLARED_OR_NONE"",""corporate_entity_id"":""CE-0104"",""truth_category"":""BENIGN_OR_AMBIGUOUS""}",REQUIRED,"Converted protected truth row from entity_control_truth.csv, source row 104.",2026.07.19.2
PANAMA_PAWPERS,ASSERT-ENTITY_CONTROL_TRUTH-C2F43402A3AF0C04,ENTITY_CONTROL_TRUTH,CE-0105,"[""DECLARED_OR_NONE""]","{""beneficial_owner_truth_id"":""DECLARED_OR_NONE"",""corporate_entity_id"":""CE-0105"",""truth_category"":""BENIGN_OR_AMBIGUOUS""}",REQUIRED,"Converted protected truth row from entity_control_truth.csv, source row 105.",2026.07.19.2
PANAMA_PAWPERS,ASSERT-ENTITY_CONTROL_TRUTH-5E5336D54F91F319,ENTITY_CONTROL_TRUTH,CE-0106,"[""DECLARED_OR_NONE""]","{""beneficial_owner_truth_id"":""DECLARED_OR_NONE"",""corporate_entity_id"":""CE-0106"",""truth_category"":""BENIGN_OR_AMBIGUOUS""}",REQUIRED,"Converted protected truth row from entity_control_truth.csv, source row 106.",2026.07.19.2
PANAMA_PAWPERS,ASSERT-ENTITY_CONTROL_TRUTH-6BBEAA30A2AC6B5B,ENTITY_CONTROL_TRUTH,CE-0107,"[""DECLARED_OR_NONE""]","{""beneficial_owner_truth_id"":""DECLARED_OR_NONE"",""corporate_entity_id"":""CE-0107"",""truth_category"":""BENIGN_OR_AMBIGUOUS""}",REQUIRED,"Converted protected truth row from entity_control_truth.csv, source row 107.",2026.07.19.2
PANAMA_PAWPERS,ASSERT-ENTITY_CONTROL_TRUTH-CEC0BD9B2A4714E6,ENTITY_CONTROL_TRUTH,CE-0108,"[""DECLARED_OR_NONE""]","{""beneficial_owner_truth_id"":""DECLARED_OR_NONE"",""corporate_entity_id"":""CE-0108"",""truth_category"":""BENIGN_OR_AMBIGUOUS""}",REQUIRED,"Converted protected truth row from entity_control_truth.csv, source row 108.",2026.07.19.2
PANAMA_PAWPERS,ASSERT-ENTITY_CONTROL_TRUTH-6414E73A921F8C4A,ENTITY_CONTROL_TRUTH,CE-0109,"[""DECLARED_OR_NONE""]","{""beneficial_owner_truth_id"":""DECLARED_OR_NONE"",""corporate_entity_id"":""CE-0109"",""truth_category"":""BENIGN_OR_AMBIGUOUS""}",REQUIRED,"Converted protected truth row from entity_control_truth.csv, source row 109.",2026.07.19.2
PANAMA_PAWPERS,ASSERT-ENTITY_CONTROL_TRUTH-095A8187A573ACDE,ENTITY_CONTROL_TRUTH,CE-0110,"[""DECLARED_OR_NONE""]","{""beneficial_owner_truth_id"":""DECLARED_OR_NONE"",""corporate_entity_id"":""CE-0110"",""truth_category"":""BENIGN_OR_AMBIGUOUS""}",REQUIRED,"Converted protected truth row from entity_control_truth.csv, source row 110.",2026.07.19.2
PANAMA_PAWPERS,ASSERT-ENTITY_CONTROL_TRUTH-FB337F8C34C39412,ENTITY_CONTROL_TRUTH,CE-0111,"[""DECLARED_OR_NONE""]","{""beneficial_owner_truth_id"":""DECLARED_OR_NONE"",""corporate_entity_id"":""CE-0111"",""truth_category"":""BENIGN_OR_AMBIGUOUS""}",REQUIRED,"Converted protected truth row from entity_control_truth.csv, source row 111.",2026.07.19.2
PANAMA_PAWPERS,ASSERT-ENTITY_CONTROL_TRUTH-0EFBDF55E5B95A83,ENTITY_CONTROL_TRUTH,CE-0112,"[""DECLARED_OR_NONE""]","{""beneficial_owner_truth_id"":""DECLARED_OR_NONE"",""corporate_entity_id"":""CE-0112"",""truth_category"":""BENIGN_OR_AMBIGUOUS""}",REQUIRED,"Converted protected truth row from entity_control_truth.csv, source row 112.",2026.07.19.2
PANAMA_PAWPERS,ASSERT-ENTITY_CONTROL_TRUTH-26B540AD2525033D,ENTITY_CONTROL_TRUTH,CE-0113,"[""DECLARED_OR_NONE""]","{""beneficial_owner_truth_id"":""DECLARED_OR_NONE"",""corporate_entity_id"":""CE-0113"",""truth_category"":""BENIGN_OR_AMBIGUOUS""}",REQUIRED,"Converted protected truth row from entity_control_truth.csv, source row 113.",2026.07.19.2
PANAMA_PAWPERS,ASSERT-ENTITY_CONTROL_TRUTH-B296E2802C12686C,ENTITY_CONTROL_TRUTH,CE-0114,"[""DECLARED_OR_NONE""]","{""beneficial_owner_truth_id"":""DECLARED_OR_NONE"",""corporate_entity_id"":""CE-0114"",""truth_category"":""BENIGN_OR_AMBIGUOUS""}",REQUIRED,"Converted protected truth row from entity_control_truth.csv, source row 114.",2026.07.19.2
PANAMA_PAWPERS,ASSERT-ENTITY_CONTROL_TRUTH-F8420FC9D02C7150,ENTITY_CONTROL_TRUTH,CE-0115,"[""DECLARED_OR_NONE""]","{""beneficial_owner_truth_id"":""DECLARED_OR_NONE"",""corporate_entity_id"":""CE-0115"",""truth_category"":""BENIGN_OR_AMBIGUOUS""}",REQUIRED,"Converted protected truth row from entity_control_truth.csv, source row 115.",2026.07.19.2
PANAMA_PAWPERS,ASSERT-ENTITY_CONTROL_TRUTH-BC8F68B86E9526AF,ENTITY_CONTROL_TRUTH,CE-0116,"[""DECLARED_OR_NONE""]","{""beneficial_owner_truth_id"":""DECLARED_OR_NONE"",""corporate_entity_id"":""CE-0116"",""truth_category"":""BENIGN_OR_AMBIGUOUS""}",REQUIRED,"Converted protected truth row from entity_control_truth.csv, source row 116.",2026.07.19.2
PANAMA_PAWPERS,ASSERT-ENTITY_CONTROL_TRUTH-1BDEFF43CF136BFF,ENTITY_CONTROL_TRUTH,CE-0117,"[""DECLARED_OR_NONE""]","{""beneficial_owner_truth_id"":""DECLARED_OR_NONE"",""corporate_entity_id"":""CE-0117"",""truth_category"":""BENIGN_OR_AMBIGUOUS""}",REQUIRED,"Converted protected truth row from entity_control_truth.csv, source row 117.",2026.07.19.2
PANAMA_PAWPERS,ASSERT-ENTITY_CONTROL_TRUTH-12288B3A248D4CD6,ENTITY_CONTROL_TRUTH,CE-0118,"[""DECLARED_OR_NONE""]","{""beneficial_owner_truth_id"":""DECLARED_OR_NONE"",""corporate_entity_id"":""CE-0118"",""truth_category"":""BENIGN_OR_AMBIGUOUS""}",REQUIRED,"Converted protected truth row from entity_control_truth.csv, source row 118.",2026.07.19.2
PANAMA_PAWPERS,ASSERT-ENTITY_CONTROL_TRUTH-C6D1ACAF87798655,ENTITY_CONTROL_TRUTH,CE-0119,"[""DECLARED_OR_NONE""]","{""beneficial_owner_truth_id"":""DECLARED_OR_NONE"",""corporate_entity_id"":""CE-0119"",""truth_category"":""BENIGN_OR_AMBIGUOUS""}",REQUIRED,"Converted protected truth row from entity_control_truth.csv, source row 119.",2026.07.19.2
PANAMA_PAWPERS,ASSERT-ENTITY_CONTROL_TRUTH-DA29AB55719D9801,ENTITY_CONTROL_TRUTH,CE-0120,"[""DECLARED_OR_NONE""]","{""beneficial_owner_truth_id"":""DECLARED_OR_NONE"",""corporate_entity_id"":""CE-0120"",""truth_category"":""BENIGN_OR_AMBIGUOUS""}",REQUIRED,"Converted protected truth row from entity_control_truth.csv, source row 120.",2026.07.19.2
PANAMA_PAWPERS,ASSERT-ENTITY_CONTROL_TRUTH-828A9A6B9225F9C0,ENTITY_CONTROL_TRUTH,CE-0121,"[""DECLARED_OR_NONE""]","{""beneficial_owner_truth_id"":""DECLARED_OR_NONE"",""corporate_entity_id"":""CE-0121"",""truth_category"":""LAWFUL_COMPARATOR""}",REQUIRED,"Converted protected truth row from entity_control_truth.csv, source row 121.",2026.07.19.2
PANAMA_PAWPERS,ASSERT-ENTITY_CONTROL_TRUTH-69E43368CF3D3365,ENTITY_CONTROL_TRUTH,CE-0122,"[""DECLARED_OR_NONE""]","{""beneficial_owner_truth_id"":""DECLARED_OR_NONE"",""corporate_entity_id"":""CE-0122"",""truth_category"":""LAWFUL_COMPARATOR""}",REQUIRED,"Converted protected truth row from entity_control_truth.csv, source row 122.",2026.07.19.2
PANAMA_PAWPERS,ASSERT-ENTITY_CONTROL_TRUTH-1CB8031B12486330,ENTITY_CONTROL_TRUTH,CE-0123,"[""DECLARED_OR_NONE""]","{""beneficial_owner_truth_id"":""DECLARED_OR_NONE"",""corporate_entity_id"":""CE-0123"",""truth_category"":""LAWFUL_COMPARATOR""}",REQUIRED,"Converted protected truth row from entity_control_truth.csv, source row 123.",2026.07.19.2
PANAMA_PAWPERS,ASSERT-ENTITY_CONTROL_TRUTH-A0D47970FD222CB9,ENTITY_CONTROL_TRUTH,CE-0124,"[""DECLARED_OR_NONE""]","{""beneficial_owner_truth_id"":""DECLARED_OR_NONE"",""corporate_entity_id"":""CE-0124"",""truth_category"":""LAWFUL_COMPARATOR""}",REQUIRED,"Converted protected truth row from entity_control_truth.csv, source row 124.",2026.07.19.2
PANAMA_PAWPERS,ASSERT-ENTITY_CONTROL_TRUTH-3D2877D498B54408,ENTITY_CONTROL_TRUTH,CE-0125,"[""DECLARED_OR_NONE""]","{""beneficial_owner_truth_id"":""DECLARED_OR_NONE"",""corporate_entity_id"":""CE-0125"",""truth_category"":""LAWFUL_COMPARATOR""}",REQUIRED,"Converted protected truth row from entity_control_truth.csv, source row 125.",2026.07.19.2
PANAMA_PAWPERS,ASSERT-ENTITY_CONTROL_TRUTH-AA3F220B5393D10E,ENTITY_CONTROL_TRUTH,CE-0126,"[""DECLARED_OR_NONE""]","{""beneficial_owner_truth_id"":""DECLARED_OR_NONE"",""corporate_entity_id"":""CE-0126"",""truth_category"":""LAWFUL_COMPARATOR""}",REQUIRED,"Converted protected truth row from entity_control_truth.csv, source row 126.",2026.07.19.2
PANAMA_PAWPERS,ASSERT-ENTITY_CONTROL_TRUTH-3EF55656DBC895AF,ENTITY_CONTROL_TRUTH,CE-0127,"[""DECLARED_OR_NONE""]","{""beneficial_owner_truth_id"":""DECLARED_OR_NONE"",""corporate_entity_id"":""CE-0127"",""truth_category"":""LAWFUL_COMPARATOR""}",REQUIRED,"Converted protected truth row from entity_control_truth.csv, source row 127.",2026.07.19.2
PANAMA_PAWPERS,ASSERT-ENTITY_CONTROL_TRUTH-480BA13F6A5EEA87,ENTITY_CONTROL_TRUTH,CE-0128,"[""DECLARED_OR_NONE""]","{""beneficial_owner_truth_id"":""DECLARED_OR_NONE"",""corporate_entity_id"":""CE-0128"",""truth_category"":""LAWFUL_COMPARATOR""}",REQUIRED,"Converted protected truth row from entity_control_truth.csv, source row 128.",2026.07.19.2
PANAMA_PAWPERS,ASSERT-ENTITY_CONTROL_TRUTH-BC61921E182B4644,ENTITY_CONTROL_TRUTH,CE-0129,"[""DECLARED_OR_NONE""]","{""beneficial_owner_truth_id"":""DECLARED_OR_NONE"",""corporate_entity_id"":""CE-0129"",""truth_category"":""LAWFUL_COMPARATOR""}",REQUIRED,"Converted protected truth row from entity_control_truth.csv, source row 129.",2026.07.19.2
PANAMA_PAWPERS,ASSERT-ENTITY_CONTROL_TRUTH-E12BDC1F86B9EEF7,ENTITY_CONTROL_TRUTH,CE-0130,"[""DECLARED_OR_NONE""]","{""beneficial_owner_truth_id"":""DECLARED_OR_NONE"",""corporate_entity_id"":""CE-0130"",""truth_category"":""LAWFUL_COMPARATOR""}",REQUIRED,"Converted protected truth row from entity_control_truth.csv, source row 130.",2026.07.19.2
PANAMA_PAWPERS,ASSERT-ENTITY_CONTROL_TRUTH-6988F964B7AE26DB,ENTITY_CONTROL_TRUTH,CE-0131,"[""DECLARED_OR_NONE""]","{""beneficial_owner_truth_id"":""DECLARED_OR_NONE"",""corporate_entity_id"":""CE-0131"",""truth_category"":""LAWFUL_COMPARATOR""}",REQUIRED,"Converted protected truth row from entity_control_truth.csv, source row 131.",2026.07.19.2
PANAMA_PAWPERS,ASSERT-ENTITY_CONTROL_TRUTH-704C35D6F525B7BC,ENTITY_CONTROL_TRUTH,CE-0132,"[""DECLARED_OR_NONE""]","{""beneficial_owner_truth_id"":""DECLARED_OR_NONE"",""corporate_entity_id"":""CE-0132"",""truth_category"":""LAWFUL_COMPARATOR""}",REQUIRED,"Converted protected truth row from entity_control_truth.csv, source row 132.",2026.07.19.2
PANAMA_PAWPERS,ASSERT-ENTITY_CONTROL_TRUTH-F922C162F0CD2F16,ENTITY_CONTROL_TRUTH,CE-0133,"[""DECLARED_OR_NONE""]","{""beneficial_owner_truth_id"":""DECLARED_OR_NONE"",""corporate_entity_id"":""CE-0133"",""truth_category"":""LAWFUL_COMPARATOR""}",REQUIRED,"Converted protected truth row from entity_control_truth.csv, source row 133.",2026.07.19.2
PANAMA_PAWPERS,ASSERT-ENTITY_CONTROL_TRUTH-68B52877C131B693,ENTITY_CONTROL_TRUTH,CE-0134,"[""DECLARED_OR_NONE""]","{""beneficial_owner_truth_id"":""DECLARED_OR_NONE"",""corporate_entity_id"":""CE-0134"",""truth_category"":""LAWFUL_COMPARATOR""}",REQUIRED,"Converted protected truth row from entity_control_truth.csv, source row 134.",2026.07.19.2
PANAMA_PAWPERS,ASSERT-ENTITY_CONTROL_TRUTH-5C9B7B02C0E5F157,ENTITY_CONTROL_TRUTH,CE-0135,"[""DECLARED_OR_NONE""]","{""beneficial_owner_truth_id"":""DECLARED_OR_NONE"",""corporate_entity_id"":""CE-0135"",""truth_category"":""LAWFUL_COMPARATOR""}",REQUIRED,"Converted protected truth row from entity_control_truth.csv, source row 135.",2026.07.19.2
PANAMA_PAWPERS,ASSERT-ENTITY_CONTROL_TRUTH-B426AF4D3A627CD1,ENTITY_CONTROL_TRUTH,CE-0136,"[""DECLARED_OR_NONE""]","{""beneficial_owner_truth_id"":""DECLARED_OR_NONE"",""corporate_entity_id"":""CE-0136"",""truth_category"":""LAWFUL_COMPARATOR""}",REQUIRED,"Converted protected truth row from entity_control_truth.csv, source row 136.",2026.07.19.2
PANAMA_PAWPERS,ASSERT-ENTITY_CONTROL_TRUTH-1801E6562C1FC1AE,ENTITY_CONTROL_TRUTH,CE-0137,"[""DECLARED_OR_NONE""]","{""beneficial_owner_truth_id"":""DECLARED_OR_NONE"",""corporate_entity_id"":""CE-0137"",""truth_category"":""LAWFUL_COMPARATOR""}",REQUIRED,"Converted protected truth row from entity_control_truth.csv, source row 137.",2026.07.19.2
PANAMA_PAWPERS,ASSERT-ENTITY_CONTROL_TRUTH-80C7726B8DE5EF8D,ENTITY_CONTROL_TRUTH,CE-0138,"[""DECLARED_OR_NONE""]","{""beneficial_owner_truth_id"":""DECLARED_OR_NONE"",""corporate_entity_id"":""CE-0138"",""truth_category"":""LAWFUL_COMPARATOR""}",REQUIRED,"Converted protected truth row from entity_control_truth.csv, source row 138.",2026.07.19.2
PANAMA_PAWPERS,ASSERT-ENTITY_CONTROL_TRUTH-4ABBCCB2C3CD6823,ENTITY_CONTROL_TRUTH,CE-0139,"[""DECLARED_OR_NONE""]","{""beneficial_owner_truth_id"":""DECLARED_OR_NONE"",""corporate_entity_id"":""CE-0139"",""truth_category"":""LAWFUL_COMPARATOR""}",REQUIRED,"Converted protected truth row from entity_control_truth.csv, source row 139.",2026.07.19.2
PANAMA_PAWPERS,ASSERT-ENTITY_CONTROL_TRUTH-456DD50AD460F196,ENTITY_CONTROL_TRUTH,CE-0140,"[""DECLARED_OR_NONE""]","{""beneficial_owner_truth_id"":""DECLARED_OR_NONE"",""corporate_entity_id"":""CE-0140"",""truth_category"":""LAWFUL_COMPARATOR""}",REQUIRED,"Converted protected truth row from entity_control_truth.csv, source row 140.",2026.07.19.2
PANAMA_PAWPERS,ASSERT-ENTITY_CONTROL_TRUTH-1F17A5C61A1C2AD7,ENTITY_CONTROL_TRUTH,CE-0141,"[""DECLARED_OR_NONE""]","{""beneficial_owner_truth_id"":""DECLARED_OR_NONE"",""corporate_entity_id"":""CE-0141"",""truth_category"":""LAWFUL_COMPARATOR""}",REQUIRED,"Converted protected truth row from entity_control_truth.csv, source row 141.",2026.07.19.2
PANAMA_PAWPERS,ASSERT-ENTITY_CONTROL_TRUTH-F05B18F4466A2AA8,ENTITY_CONTROL_TRUTH,CE-0142,"[""DECLARED_OR_NONE""]","{""beneficial_owner_truth_id"":""DECLARED_OR_NONE"",""corporate_entity_id"":""CE-0142"",""truth_category"":""LAWFUL_COMPARATOR""}",REQUIRED,"Converted protected truth row from entity_control_truth.csv, source row 142.",2026.07.19.2
PANAMA_PAWPERS,ASSERT-ENTITY_CONTROL_TRUTH-40664DEED78D44A1,ENTITY_CONTROL_TRUTH,CE-0143,"[""DECLARED_OR_NONE""]","{""beneficial_owner_truth_id"":""DECLARED_OR_NONE"",""corporate_entity_id"":""CE-0143"",""truth_category"":""LAWFUL_COMPARATOR""}",REQUIRED,"Converted protected truth row from entity_control_truth.csv, source row 143.",2026.07.19.2
PANAMA_PAWPERS,ASSERT-ENTITY_CONTROL_TRUTH-7BBCD1F01E13720C,ENTITY_CONTROL_TRUTH,CE-0144,"[""DECLARED_OR_NONE""]","{""beneficial_owner_truth_id"":""DECLARED_OR_NONE"",""corporate_entity_id"":""CE-0144"",""truth_category"":""LAWFUL_COMPARATOR""}",REQUIRED,"Converted protected truth row from entity_control_truth.csv, source row 144.",2026.07.19.2
PANAMA_PAWPERS,ASSERT-ENTITY_CONTROL_TRUTH-2D185D0B5A2A6F74,ENTITY_CONTROL_TRUTH,CE-0145,"[""DECLARED_OR_NONE""]","{""beneficial_owner_truth_id"":""DECLARED_OR_NONE"",""corporate_entity_id"":""CE-0145"",""truth_category"":""LAWFUL_COMPARATOR""}",REQUIRED,"Converted protected truth row from entity_control_truth.csv, source row 145.",2026.07.19.2
PANAMA_PAWPERS,ASSERT-ENTITY_CONTROL_TRUTH-B4D91AF2171CC3D6,ENTITY_CONTROL_TRUTH,CE-0146,"[""DECLARED_OR_NONE""]","{""beneficial_owner_truth_id"":""DECLARED_OR_NONE"",""corporate_entity_id"":""CE-0146"",""truth_category"":""LAWFUL_COMPARATOR""}",REQUIRED,"Converted protected truth row from entity_control_truth.csv, source row 146.",2026.07.19.2
PANAMA_PAWPERS,ASSERT-ENTITY_CONTROL_TRUTH-4D5A7D61BF939F11,ENTITY_CONTROL_TRUTH,CE-0147,"[""DECLARED_OR_NONE""]","{""beneficial_owner_truth_id"":""DECLARED_OR_NONE"",""corporate_entity_id"":""CE-0147"",""truth_category"":""LAWFUL_COMPARATOR""}",REQUIRED,"Converted protected truth row from entity_control_truth.csv, source row 147.",2026.07.19.2
PANAMA_PAWPERS,ASSERT-ENTITY_CONTROL_TRUTH-6CBB8ACD8C2B5556,ENTITY_CONTROL_TRUTH,CE-0148,"[""DECLARED_OR_NONE""]","{""beneficial_owner_truth_id"":""DECLARED_OR_NONE"",""corporate_entity_id"":""CE-0148"",""truth_category"":""LAWFUL_COMPARATOR""}",REQUIRED,"Converted protected truth row from entity_control_truth.csv, source row 148.",2026.07.19.2
PANAMA_PAWPERS,ASSERT-ENTITY_CONTROL_TRUTH-8D7CF670CEEF7CC0,ENTITY_CONTROL_TRUTH,CE-0149,"[""DECLARED_OR_NONE""]","{""beneficial_owner_truth_id"":""DECLARED_OR_NONE"",""corporate_entity_id"":""CE-0149"",""truth_category"":""LAWFUL_COMPARATOR""}",REQUIRED,"Converted protected truth row from entity_control_truth.csv, source row 149.",2026.07.19.2
PANAMA_PAWPERS,ASSERT-ENTITY_CONTROL_TRUTH-752EC254FDC0F96C,ENTITY_CONTROL_TRUTH,CE-0150,"[""DECLARED_OR_NONE""]","{""beneficial_owner_truth_id"":""DECLARED_OR_NONE"",""corporate_entity_id"":""CE-0150"",""truth_category"":""LAWFUL_COMPARATOR""}",REQUIRED,"Converted protected truth row from entity_control_truth.csv, source row 150.",2026.07.19.2
PANAMA_PAWPERS,ASSERT-ENTITY_CONTROL_TRUTH-1D3D677610F73BF1,ENTITY_CONTROL_TRUTH,CE-0151,"[""DECLARED_OR_NONE""]","{""beneficial_owner_truth_id"":""DECLARED_OR_NONE"",""corporate_entity_id"":""CE-0151"",""truth_category"":""LAWFUL_COMPARATOR""}",REQUIRED,"Converted protected truth row from entity_control_truth.csv, source row 151.",2026.07.19.2
PANAMA_PAWPERS,ASSERT-ENTITY_CONTROL_TRUTH-D62446D76946B7D1,ENTITY_CONTROL_TRUTH,CE-0152,"[""DECLARED_OR_NONE""]","{""beneficial_owner_truth_id"":""DECLARED_OR_NONE"",""corporate_entity_id"":""CE-0152"",""truth_category"":""LAWFUL_COMPARATOR""}",REQUIRED,"Converted protected truth row from entity_control_truth.csv, source row 152.",2026.07.19.2
PANAMA_PAWPERS,ASSERT-ENTITY_CONTROL_TRUTH-606DB79F260AEFF4,ENTITY_CONTROL_TRUTH,CE-0153,"[""DECLARED_OR_NONE""]","{""beneficial_owner_truth_id"":""DECLARED_OR_NONE"",""corporate_entity_id"":""CE-0153"",""truth_category"":""LAWFUL_COMPARATOR""}",REQUIRED,"Converted protected truth row from entity_control_truth.csv, source row 153.",2026.07.19.2
PANAMA_PAWPERS,ASSERT-ENTITY_CONTROL_TRUTH-E777AE024CBD41DA,ENTITY_CONTROL_TRUTH,CE-0154,"[""DECLARED_OR_NONE""]","{""beneficial_owner_truth_id"":""DECLARED_OR_NONE"",""corporate_entity_id"":""CE-0154"",""truth_category"":""LAWFUL_COMPARATOR""}",REQUIRED,"Converted protected truth row from entity_control_truth.csv, source row 154.",2026.07.19.2
PANAMA_PAWPERS,ASSERT-ENTITY_CONTROL_TRUTH-755E80A4B4B2EE39,ENTITY_CONTROL_TRUTH,CE-0155,"[""DECLARED_OR_NONE""]","{""beneficial_owner_truth_id"":""DECLARED_OR_NONE"",""corporate_entity_id"":""CE-0155"",""truth_category"":""LAWFUL_COMPARATOR""}",REQUIRED,"Converted protected truth row from entity_control_truth.csv, source row 155.",2026.07.19.2
PANAMA_PAWPERS,ASSERT-ENTITY_CONTROL_TRUTH-BB0B973DED601127,ENTITY_CONTROL_TRUTH,CE-0156,"[""DECLARED_OR_NONE""]","{""beneficial_owner_truth_id"":""DECLARED_OR_NONE"",""corporate_entity_id"":""CE-0156"",""truth_category"":""LAWFUL_COMPARATOR""}",REQUIRED,"Converted protected truth row from entity_control_truth.csv, source row 156.",2026.07.19.2
PANAMA_PAWPERS,ASSERT-ENTITY_CONTROL_TRUTH-A33AE31255D32EC8,ENTITY_CONTROL_TRUTH,CE-0157,"[""DECLARED_OR_NONE""]","{""beneficial_owner_truth_id"":""DECLARED_OR_NONE"",""corporate_entity_id"":""CE-0157"",""truth_category"":""LAWFUL_COMPARATOR""}",REQUIRED,"Converted protected truth row from entity_control_truth.csv, source row 157.",2026.07.19.2
PANAMA_PAWPERS,ASSERT-ENTITY_CONTROL_TRUTH-C03D84103ED86F4E,ENTITY_CONTROL_TRUTH,CE-0158,"[""DECLARED_OR_NONE""]","{""beneficial_owner_truth_id"":""DECLARED_OR_NONE"",""corporate_entity_id"":""CE-0158"",""truth_category"":""LAWFUL_COMPARATOR""}",REQUIRED,"Converted protected truth row from entity_control_truth.csv, source row 158.",2026.07.19.2
PANAMA_PAWPERS,ASSERT-ENTITY_CONTROL_TRUTH-7F4C37725E2BEB89,ENTITY_CONTROL_TRUTH,CE-0159,"[""DECLARED_OR_NONE""]","{""beneficial_owner_truth_id"":""DECLARED_OR_NONE"",""corporate_entity_id"":""CE-0159"",""truth_category"":""LAWFUL_COMPARATOR""}",REQUIRED,"Converted protected truth row from entity_control_truth.csv, source row 159.",2026.07.19.2
PANAMA_PAWPERS,ASSERT-ENTITY_CONTROL_TRUTH-19F8B87DB74FB9E9,ENTITY_CONTROL_TRUTH,CE-0160,"[""DECLARED_OR_NONE""]","{""beneficial_owner_truth_id"":""DECLARED_OR_NONE"",""corporate_entity_id"":""CE-0160"",""truth_category"":""LAWFUL_COMPARATOR""}",REQUIRED,"Converted protected truth row from entity_control_truth.csv, source row 160.",2026.07.19.2
PANAMA_PAWPERS,ASSERT-ENTITY_CONTROL_TRUTH-759730AB6B302FA6,ENTITY_CONTROL_TRUTH,CE-0161,"[""DECLARED_OR_NONE""]","{""beneficial_owner_truth_id"":""DECLARED_OR_NONE"",""corporate_entity_id"":""CE-0161"",""truth_category"":""LAWFUL_COMPARATOR""}",REQUIRED,"Converted protected truth row from entity_control_truth.csv, source row 161.",2026.07.19.2
PANAMA_PAWPERS,ASSERT-ENTITY_CONTROL_TRUTH-BF376CD9C633659D,ENTITY_CONTROL_TRUTH,CE-0162,"[""DECLARED_OR_NONE""]","{""beneficial_owner_truth_id"":""DECLARED_OR_NONE"",""corporate_entity_id"":""CE-0162"",""truth_category"":""LAWFUL_COMPARATOR""}",REQUIRED,"Converted protected truth row from entity_control_truth.csv, source row 162.",2026.07.19.2
PANAMA_PAWPERS,ASSERT-ENTITY_CONTROL_TRUTH-8A015BE893003121,ENTITY_CONTROL_TRUTH,CE-0163,"[""DECLARED_OR_NONE""]","{""beneficial_owner_truth_id"":""DECLARED_OR_NONE"",""corporate_entity_id"":""CE-0163"",""truth_category"":""LAWFUL_COMPARATOR""}",REQUIRED,"Converted protected truth row from entity_control_truth.csv, source row 163.",2026.07.19.2
PANAMA_PAWPERS,ASSERT-ENTITY_CONTROL_TRUTH-8DE1014314FF64C6,ENTITY_CONTROL_TRUTH,CE-0164,"[""DECLARED_OR_NONE""]","{""beneficial_owner_truth_id"":""DECLARED_OR_NONE"",""corporate_entity_id"":""CE-0164"",""truth_category"":""LAWFUL_COMPARATOR""}",REQUIRED,"Converted protected truth row from entity_control_truth.csv, source row 164.",2026.07.19.2
PANAMA_PAWPERS,ASSERT-ENTITY_CONTROL_TRUTH-73FBABE88427C167,ENTITY_CONTROL_TRUTH,CE-0165,"[""DECLARED_OR_NONE""]","{""beneficial_owner_truth_id"":""DECLARED_OR_NONE"",""corporate_entity_id"":""CE-0165"",""truth_category"":""LAWFUL_COMPARATOR""}",REQUIRED,"Converted protected truth row from entity_control_truth.csv, source row 165.",2026.07.19.2
PANAMA_PAWPERS,ASSERT-ENTITY_CONTROL_TRUTH-71E23A941BD5605D,ENTITY_CONTROL_TRUTH,CE-0166,"[""DECLARED_OR_NONE""]","{""beneficial_owner_truth_id"":""DECLARED_OR_NONE"",""corporate_entity_id"":""CE-0166"",""truth_category"":""LAWFUL_COMPARATOR""}",REQUIRED,"Converted protected truth row from entity_control_truth.csv, source row 166.",2026.07.19.2
PANAMA_PAWPERS,ASSERT-ENTITY_CONTROL_TRUTH-BB4393B43B5807B6,ENTITY_CONTROL_TRUTH,CE-0167,"[""DECLARED_OR_NONE""]","{""beneficial_owner_truth_id"":""DECLARED_OR_NONE"",""corporate_entity_id"":""CE-0167"",""truth_category"":""LAWFUL_COMPARATOR""}",REQUIRED,"Converted protected truth row from entity_control_truth.csv, source row 167.",2026.07.19.2
PANAMA_PAWPERS,ASSERT-ENTITY_CONTROL_TRUTH-78C9B542563774F4,ENTITY_CONTROL_TRUTH,CE-0168,"[""DECLARED_OR_NONE""]","{""beneficial_owner_truth_id"":""DECLARED_OR_NONE"",""corporate_entity_id"":""CE-0168"",""truth_category"":""LAWFUL_COMPARATOR""}",REQUIRED,"Converted protected truth row from entity_control_truth.csv, source row 168.",2026.07.19.2
PANAMA_PAWPERS,ASSERT-ENTITY_CONTROL_TRUTH-AAAD2D35C5120120,ENTITY_CONTROL_TRUTH,CE-0169,"[""DECLARED_OR_NONE""]","{""beneficial_owner_truth_id"":""DECLARED_OR_NONE"",""corporate_entity_id"":""CE-0169"",""truth_category"":""LAWFUL_COMPARATOR""}",REQUIRED,"Converted protected truth row from entity_control_truth.csv, source row 169.",2026.07.19.2
PANAMA_PAWPERS,ASSERT-ENTITY_CONTROL_TRUTH-3F470B5B1192C782,ENTITY_CONTROL_TRUTH,CE-0170,"[""DECLARED_OR_NONE""]","{""beneficial_owner_truth_id"":""DECLARED_OR_NONE"",""corporate_entity_id"":""CE-0170"",""truth_category"":""LAWFUL_COMPARATOR""}",REQUIRED,"Converted protected truth row from entity_control_truth.csv, source row 170.",2026.07.19.2
PANAMA_PAWPERS,ASSERT-ENTITY_CONTROL_TRUTH-E22E83AF8A3CAD63,ENTITY_CONTROL_TRUTH,CE-0171,"[""DECLARED_OR_NONE""]","{""beneficial_owner_truth_id"":""DECLARED_OR_NONE"",""corporate_entity_id"":""CE-0171"",""truth_category"":""LAWFUL_COMPARATOR""}",REQUIRED,"Converted protected truth row from entity_control_truth.csv, source row 171.",2026.07.19.2
PANAMA_PAWPERS,ASSERT-ENTITY_CONTROL_TRUTH-EF27E5B8CEF816F9,ENTITY_CONTROL_TRUTH,CE-0172,"[""DECLARED_OR_NONE""]","{""beneficial_owner_truth_id"":""DECLARED_OR_NONE"",""corporate_entity_id"":""CE-0172"",""truth_category"":""LAWFUL_COMPARATOR""}",REQUIRED,"Converted protected truth row from entity_control_truth.csv, source row 172.",2026.07.19.2
PANAMA_PAWPERS,ASSERT-ENTITY_CONTROL_TRUTH-EB19F6C02D3372CD,ENTITY_CONTROL_TRUTH,CE-0173,"[""DECLARED_OR_NONE""]","{""beneficial_owner_truth_id"":""DECLARED_OR_NONE"",""corporate_entity_id"":""CE-0173"",""truth_category"":""LAWFUL_COMPARATOR""}",REQUIRED,"Converted protected truth row from entity_control_truth.csv, source row 173.",2026.07.19.2
PANAMA_PAWPERS,ASSERT-ENTITY_CONTROL_TRUTH-48138EF9C9D96836,ENTITY_CONTROL_TRUTH,CE-0174,"[""DECLARED_OR_NONE""]","{""beneficial_owner_truth_id"":""DECLARED_OR_NONE"",""corporate_entity_id"":""CE-0174"",""truth_category"":""LAWFUL_COMPARATOR""}",REQUIRED,"Converted protected truth row from entity_control_truth.csv, source row 174.",2026.07.19.2
PANAMA_PAWPERS,ASSERT-ENTITY_CONTROL_TRUTH-5D1EF242B80D35B9,ENTITY_CONTROL_TRUTH,CE-0175,"[""DECLARED_OR_NONE""]","{""beneficial_owner_truth_id"":""DECLARED_OR_NONE"",""corporate_entity_id"":""CE-0175"",""truth_category"":""LAWFUL_COMPARATOR""}",REQUIRED,"Converted protected truth row from entity_control_truth.csv, source row 175.",2026.07.19.2
PANAMA_PAWPERS,ASSERT-ENTITY_CONTROL_TRUTH-B5ED4173061CA5A4,ENTITY_CONTROL_TRUTH,CE-0176,"[""DECLARED_OR_NONE""]","{""beneficial_owner_truth_id"":""DECLARED_OR_NONE"",""corporate_entity_id"":""CE-0176"",""truth_category"":""BENIGN_OR_AMBIGUOUS""}",REQUIRED,"Converted protected truth row from entity_control_truth.csv, source row 176.",2026.07.19.2
PANAMA_PAWPERS,ASSERT-ENTITY_CONTROL_TRUTH-DE952BBDC580F890,ENTITY_CONTROL_TRUTH,CE-0177,"[""DECLARED_OR_NONE""]","{""beneficial_owner_truth_id"":""DECLARED_OR_NONE"",""corporate_entity_id"":""CE-0177"",""truth_category"":""BENIGN_OR_AMBIGUOUS""}",REQUIRED,"Converted protected truth row from entity_control_truth.csv, source row 177.",2026.07.19.2
PANAMA_PAWPERS,ASSERT-ENTITY_CONTROL_TRUTH-9A6CB6043CE6B69A,ENTITY_CONTROL_TRUTH,CE-0178,"[""DECLARED_OR_NONE""]","{""beneficial_owner_truth_id"":""DECLARED_OR_NONE"",""corporate_entity_id"":""CE-0178"",""truth_category"":""BENIGN_OR_AMBIGUOUS""}",REQUIRED,"Converted protected truth row from entity_control_truth.csv, source row 178.",2026.07.19.2
PANAMA_PAWPERS,ASSERT-ENTITY_CONTROL_TRUTH-8944C979F558B597,ENTITY_CONTROL_TRUTH,CE-0179,"[""DECLARED_OR_NONE""]","{""beneficial_owner_truth_id"":""DECLARED_OR_NONE"",""corporate_entity_id"":""CE-0179"",""truth_category"":""BENIGN_OR_AMBIGUOUS""}",REQUIRED,"Converted protected truth row from entity_control_truth.csv, source row 179.",2026.07.19.2
PANAMA_PAWPERS,ASSERT-ENTITY_CONTROL_TRUTH-19586F6AF58971BA,ENTITY_CONTROL_TRUTH,CE-0180,"[""DECLARED_OR_NONE""]","{""beneficial_owner_truth_id"":""DECLARED_OR_NONE"",""corporate_entity_id"":""CE-0180"",""truth_category"":""BENIGN_OR_AMBIGUOUS""}",REQUIRED,"Converted protected truth row from entity_control_truth.csv, source row 180.",2026.07.19.2
PANAMA_PAWPERS,ASSERT-ENTITY_CONTROL_TRUTH-62C1EECE9FB4886C,ENTITY_CONTROL_TRUTH,CE-0181,"[""DECLARED_OR_NONE""]","{""beneficial_owner_truth_id"":""DECLARED_OR_NONE"",""corporate_entity_id"":""CE-0181"",""truth_category"":""BENIGN_OR_AMBIGUOUS""}",REQUIRED,"Converted protected truth row from entity_control_truth.csv, source row 181.",2026.07.19.2
PANAMA_PAWPERS,ASSERT-ENTITY_CONTROL_TRUTH-51AC268E0A1700AA,ENTITY_CONTROL_TRUTH,CE-0182,"[""DECLARED_OR_NONE""]","{""beneficial_owner_truth_id"":""DECLARED_OR_NONE"",""corporate_entity_id"":""CE-0182"",""truth_category"":""BENIGN_OR_AMBIGUOUS""}",REQUIRED,"Converted protected truth row from entity_control_truth.csv, source row 182.",2026.07.19.2
PANAMA_PAWPERS,ASSERT-ENTITY_CONTROL_TRUTH-77ACAC2E3504F779,ENTITY_CONTROL_TRUTH,CE-0183,"[""DECLARED_OR_NONE""]","{""beneficial_owner_truth_id"":""DECLARED_OR_NONE"",""corporate_entity_id"":""CE-0183"",""truth_category"":""BENIGN_OR_AMBIGUOUS""}",REQUIRED,"Converted protected truth row from entity_control_truth.csv, source row 183.",2026.07.19.2
PANAMA_PAWPERS,ASSERT-ENTITY_CONTROL_TRUTH-3E6F6B3F22B86637,ENTITY_CONTROL_TRUTH,CE-0184,"[""DECLARED_OR_NONE""]","{""beneficial_owner_truth_id"":""DECLARED_OR_NONE"",""corporate_entity_id"":""CE-0184"",""truth_category"":""BENIGN_OR_AMBIGUOUS""}",REQUIRED,"Converted protected truth row from entity_control_truth.csv, source row 184.",2026.07.19.2
PANAMA_PAWPERS,ASSERT-ENTITY_CONTROL_TRUTH-F7952A51CBC768D5,ENTITY_CONTROL_TRUTH,CE-0185,"[""DECLARED_OR_NONE""]","{""beneficial_owner_truth_id"":""DECLARED_OR_NONE"",""corporate_entity_id"":""CE-0185"",""truth_category"":""BENIGN_OR_AMBIGUOUS""}",REQUIRED,"Converted protected truth row from entity_control_truth.csv, source row 185.",2026.07.19.2
PANAMA_PAWPERS,ASSERT-ENTITY_CONTROL_TRUTH-367C57DA6F598CA4,ENTITY_CONTROL_TRUTH,CE-0186,"[""DECLARED_OR_NONE""]","{""beneficial_owner_truth_id"":""DECLARED_OR_NONE"",""corporate_entity_id"":""CE-0186"",""truth_category"":""BENIGN_OR_AMBIGUOUS""}",REQUIRED,"Converted protected truth row from entity_control_truth.csv, source row 186.",2026.07.19.2
PANAMA_PAWPERS,ASSERT-ENTITY_CONTROL_TRUTH-B125B10811E5D675,ENTITY_CONTROL_TRUTH,CE-0187,"[""DECLARED_OR_NONE""]","{""beneficial_owner_truth_id"":""DECLARED_OR_NONE"",""corporate_entity_id"":""CE-0187"",""truth_category"":""BENIGN_OR_AMBIGUOUS""}",REQUIRED,"Converted protected truth row from entity_control_truth.csv, source row 187.",2026.07.19.2
PANAMA_PAWPERS,ASSERT-ENTITY_CONTROL_TRUTH-EF8710681914ED75,ENTITY_CONTROL_TRUTH,CE-0188,"[""DECLARED_OR_NONE""]","{""beneficial_owner_truth_id"":""DECLARED_OR_NONE"",""corporate_entity_id"":""CE-0188"",""truth_category"":""BENIGN_OR_AMBIGUOUS""}",REQUIRED,"Converted protected truth row from entity_control_truth.csv, source row 188.",2026.07.19.2
PANAMA_PAWPERS,ASSERT-ENTITY_CONTROL_TRUTH-A33F6A916F509F1C,ENTITY_CONTROL_TRUTH,CE-0189,"[""DECLARED_OR_NONE""]","{""beneficial_owner_truth_id"":""DECLARED_OR_NONE"",""corporate_entity_id"":""CE-0189"",""truth_category"":""BENIGN_OR_AMBIGUOUS""}",REQUIRED,"Converted protected truth row from entity_control_truth.csv, source row 189.",2026.07.19.2
PANAMA_PAWPERS,ASSERT-ENTITY_CONTROL_TRUTH-299027A40A73FFC8,ENTITY_CONTROL_TRUTH,CE-0190,"[""DECLARED_OR_NONE""]","{""beneficial_owner_truth_id"":""DECLARED_OR_NONE"",""corporate_entity_id"":""CE-0190"",""truth_category"":""BENIGN_OR_AMBIGUOUS""}",REQUIRED,"Converted protected truth row from entity_control_truth.csv, source row 190.",2026.07.19.2
PANAMA_PAWPERS,ASSERT-ENTITY_CONTROL_TRUTH-1D03E08D7C617B7F,ENTITY_CONTROL_TRUTH,CE-0191,"[""DECLARED_OR_NONE""]","{""beneficial_owner_truth_id"":""DECLARED_OR_NONE"",""corporate_entity_id"":""CE-0191"",""truth_category"":""BENIGN_OR_AMBIGUOUS""}",REQUIRED,"Converted protected truth row from entity_control_truth.csv, source row 191.",2026.07.19.2
PANAMA_PAWPERS,ASSERT-ENTITY_CONTROL_TRUTH-52F26DF3A750DA3F,ENTITY_CONTROL_TRUTH,CE-0192,"[""DECLARED_OR_NONE""]","{""beneficial_owner_truth_id"":""DECLARED_OR_NONE"",""corporate_entity_id"":""CE-0192"",""truth_category"":""BENIGN_OR_AMBIGUOUS""}",REQUIRED,"Converted protected truth row from entity_control_truth.csv, source row 192.",2026.07.19.2
PANAMA_PAWPERS,ASSERT-ENTITY_CONTROL_TRUTH-5194B3098A305025,ENTITY_CONTROL_TRUTH,CE-0193,"[""DECLARED_OR_NONE""]","{""beneficial_owner_truth_id"":""DECLARED_OR_NONE"",""corporate_entity_id"":""CE-0193"",""truth_category"":""BENIGN_OR_AMBIGUOUS""}",REQUIRED,"Converted protected truth row from entity_control_truth.csv, source row 193.",2026.07.19.2
PANAMA_PAWPERS,ASSERT-ENTITY_CONTROL_TRUTH-80B9225C1BD445E1,ENTITY_CONTROL_TRUTH,CE-0194,"[""DECLARED_OR_NONE""]","{""beneficial_owner_truth_id"":""DECLARED_OR_NONE"",""corporate_entity_id"":""CE-0194"",""truth_category"":""BENIGN_OR_AMBIGUOUS""}",REQUIRED,"Converted protected truth row from entity_control_truth.csv, source row 194.",2026.07.19.2
PANAMA_PAWPERS,ASSERT-ENTITY_CONTROL_TRUTH-81F8013EE55E120C,ENTITY_CONTROL_TRUTH,CE-0195,"[""DECLARED_OR_NONE""]","{""beneficial_owner_truth_id"":""DECLARED_OR_NONE"",""corporate_entity_id"":""CE-0195"",""truth_category"":""BENIGN_OR_AMBIGUOUS""}",REQUIRED,"Converted protected truth row from entity_control_truth.csv, source row 195.",2026.07.19.2
PANAMA_PAWPERS,ASSERT-ENTITY_CONTROL_TRUTH-7D5943D7EDD169BA,ENTITY_CONTROL_TRUTH,CE-0196,"[""DECLARED_OR_NONE""]","{""beneficial_owner_truth_id"":""DECLARED_OR_NONE"",""corporate_entity_id"":""CE-0196"",""truth_category"":""BENIGN_OR_AMBIGUOUS""}",REQUIRED,"Converted protected truth row from entity_control_truth.csv, source row 196.",2026.07.19.2
PANAMA_PAWPERS,ASSERT-ENTITY_CONTROL_TRUTH-7577D0945D9654A9,ENTITY_CONTROL_TRUTH,CE-0197,"[""DECLARED_OR_NONE""]","{""beneficial_owner_truth_id"":""DECLARED_OR_NONE"",""corporate_entity_id"":""CE-0197"",""truth_category"":""BENIGN_OR_AMBIGUOUS""}",REQUIRED,"Converted protected truth row from entity_control_truth.csv, source row 197.",2026.07.19.2
PANAMA_PAWPERS,ASSERT-ENTITY_CONTROL_TRUTH-BCC9578C3DB89C94,ENTITY_CONTROL_TRUTH,CE-0198,"[""DECLARED_OR_NONE""]","{""beneficial_owner_truth_id"":""DECLARED_OR_NONE"",""corporate_entity_id"":""CE-0198"",""truth_category"":""BENIGN_OR_AMBIGUOUS""}",REQUIRED,"Converted protected truth row from entity_control_truth.csv, source row 198.",2026.07.19.2
PANAMA_PAWPERS,ASSERT-ENTITY_CONTROL_TRUTH-570629B200EBB4C6,ENTITY_CONTROL_TRUTH,CE-0199,"[""DECLARED_OR_NONE""]","{""beneficial_owner_truth_id"":""DECLARED_OR_NONE"",""corporate_entity_id"":""CE-0199"",""truth_category"":""BENIGN_OR_AMBIGUOUS""}",REQUIRED,"Converted protected truth row from entity_control_truth.csv, source row 199.",2026.07.19.2
PANAMA_PAWPERS,ASSERT-ENTITY_CONTROL_TRUTH-8DD4088ACE5BDFEA,ENTITY_CONTROL_TRUTH,CE-0200,"[""DECLARED_OR_NONE""]","{""beneficial_owner_truth_id"":""DECLARED_OR_NONE"",""corporate_entity_id"":""CE-0200"",""truth_category"":""BENIGN_OR_AMBIGUOUS""}",REQUIRED,"Converted protected truth row from entity_control_truth.csv, source row 200.",2026.07.19.2
PANAMA_PAWPERS,ASSERT-ENTITY_CONTROL_TRUTH-ADE617EF836C3E41,ENTITY_CONTROL_TRUTH,CE-0201,"[""DECLARED_OR_NONE""]","{""beneficial_owner_truth_id"":""DECLARED_OR_NONE"",""corporate_entity_id"":""CE-0201"",""truth_category"":""BENIGN_OR_AMBIGUOUS""}",REQUIRED,"Converted protected truth row from entity_control_truth.csv, source row 201.",2026.07.19.2
PANAMA_PAWPERS,ASSERT-ENTITY_CONTROL_TRUTH-A9235433574E02DD,ENTITY_CONTROL_TRUTH,CE-0202,"[""DECLARED_OR_NONE""]","{""beneficial_owner_truth_id"":""DECLARED_OR_NONE"",""corporate_entity_id"":""CE-0202"",""truth_category"":""BENIGN_OR_AMBIGUOUS""}",REQUIRED,"Converted protected truth row from entity_control_truth.csv, source row 202.",2026.07.19.2
PANAMA_PAWPERS,ASSERT-ENTITY_CONTROL_TRUTH-3026A610C67C4844,ENTITY_CONTROL_TRUTH,CE-0203,"[""DECLARED_OR_NONE""]","{""beneficial_owner_truth_id"":""DECLARED_OR_NONE"",""corporate_entity_id"":""CE-0203"",""truth_category"":""BENIGN_OR_AMBIGUOUS""}",REQUIRED,"Converted protected truth row from entity_control_truth.csv, source row 203.",2026.07.19.2
PANAMA_PAWPERS,ASSERT-ENTITY_CONTROL_TRUTH-8C04868441171CA3,ENTITY_CONTROL_TRUTH,CE-0204,"[""DECLARED_OR_NONE""]","{""beneficial_owner_truth_id"":""DECLARED_OR_NONE"",""corporate_entity_id"":""CE-0204"",""truth_category"":""BENIGN_OR_AMBIGUOUS""}",REQUIRED,"Converted protected truth row from entity_control_truth.csv, source row 204.",2026.07.19.2
PANAMA_PAWPERS,ASSERT-ENTITY_CONTROL_TRUTH-B9FA98DCD5876F19,ENTITY_CONTROL_TRUTH,CE-0205,"[""DECLARED_OR_NONE""]","{""beneficial_owner_truth_id"":""DECLARED_OR_NONE"",""corporate_entity_id"":""CE-0205"",""truth_category"":""BENIGN_OR_AMBIGUOUS""}",REQUIRED,"Converted protected truth row from entity_control_truth.csv, source row 205.",2026.07.19.2
PANAMA_PAWPERS,ASSERT-ENTITY_CONTROL_TRUTH-9BF8F8875E1F38B7,ENTITY_CONTROL_TRUTH,CE-0206,"[""DECLARED_OR_NONE""]","{""beneficial_owner_truth_id"":""DECLARED_OR_NONE"",""corporate_entity_id"":""CE-0206"",""truth_category"":""BENIGN_OR_AMBIGUOUS""}",REQUIRED,"Converted protected truth row from entity_control_truth.csv, source row 206.",2026.07.19.2
PANAMA_PAWPERS,ASSERT-ENTITY_CONTROL_TRUTH-30BB6DE529793C83,ENTITY_CONTROL_TRUTH,CE-0207,"[""DECLARED_OR_NONE""]","{""beneficial_owner_truth_id"":""DECLARED_OR_NONE"",""corporate_entity_id"":""CE-0207"",""truth_category"":""BENIGN_OR_AMBIGUOUS""}",REQUIRED,"Converted protected truth row from entity_control_truth.csv, source row 207.",2026.07.19.2
PANAMA_PAWPERS,ASSERT-ENTITY_CONTROL_TRUTH-E7361FF3AD5BD203,ENTITY_CONTROL_TRUTH,CE-0208,"[""DECLARED_OR_NONE""]","{""beneficial_owner_truth_id"":""DECLARED_OR_NONE"",""corporate_entity_id"":""CE-0208"",""truth_category"":""BENIGN_OR_AMBIGUOUS""}",REQUIRED,"Converted protected truth row from entity_control_truth.csv, source row 208.",2026.07.19.2
PANAMA_PAWPERS,ASSERT-ENTITY_CONTROL_TRUTH-551899BD3B9302E2,ENTITY_CONTROL_TRUTH,CE-0209,"[""DECLARED_OR_NONE""]","{""beneficial_owner_truth_id"":""DECLARED_OR_NONE"",""corporate_entity_id"":""CE-0209"",""truth_category"":""BENIGN_OR_AMBIGUOUS""}",REQUIRED,"Converted protected truth row from entity_control_truth.csv, source row 209.",2026.07.19.2
PANAMA_PAWPERS,ASSERT-ENTITY_CONTROL_TRUTH-CE2A84B47A98C238,ENTITY_CONTROL_TRUTH,CE-0210,"[""DECLARED_OR_NONE""]","{""beneficial_owner_truth_id"":""DECLARED_OR_NONE"",""corporate_entity_id"":""CE-0210"",""truth_category"":""BENIGN_OR_AMBIGUOUS""}",REQUIRED,"Converted protected truth row from entity_control_truth.csv, source row 210.",2026.07.19.2
PANAMA_PAWPERS,ASSERT-ENTITY_CONTROL_TRUTH-9BB03A6DF352A20B,ENTITY_CONTROL_TRUTH,CE-0211,"[""DECLARED_OR_NONE""]","{""beneficial_owner_truth_id"":""DECLARED_OR_NONE"",""corporate_entity_id"":""CE-0211"",""truth_category"":""BENIGN_OR_AMBIGUOUS""}",REQUIRED,"Converted protected truth row from entity_control_truth.csv, source row 211.",2026.07.19.2
PANAMA_PAWPERS,ASSERT-ENTITY_CONTROL_TRUTH-55B6C741E729BF4F,ENTITY_CONTROL_TRUTH,CE-0212,"[""DECLARED_OR_NONE""]","{""beneficial_owner_truth_id"":""DECLARED_OR_NONE"",""corporate_entity_id"":""CE-0212"",""truth_category"":""BENIGN_OR_AMBIGUOUS""}",REQUIRED,"Converted protected truth row from entity_control_truth.csv, source row 212.",2026.07.19.2
PANAMA_PAWPERS,ASSERT-ENTITY_CONTROL_TRUTH-9A148D957078BB81,ENTITY_CONTROL_TRUTH,CE-0213,"[""DECLARED_OR_NONE""]","{""beneficial_owner_truth_id"":""DECLARED_OR_NONE"",""corporate_entity_id"":""CE-0213"",""truth_category"":""BENIGN_OR_AMBIGUOUS""}",REQUIRED,"Converted protected truth row from entity_control_truth.csv, source row 213.",2026.07.19.2
PANAMA_PAWPERS,ASSERT-ENTITY_CONTROL_TRUTH-E4BE12A8D6DB6A3F,ENTITY_CONTROL_TRUTH,CE-0214,"[""DECLARED_OR_NONE""]","{""beneficial_owner_truth_id"":""DECLARED_OR_NONE"",""corporate_entity_id"":""CE-0214"",""truth_category"":""BENIGN_OR_AMBIGUOUS""}",REQUIRED,"Converted protected truth row from entity_control_truth.csv, source row 214.",2026.07.19.2
PANAMA_PAWPERS,ASSERT-ENTITY_CONTROL_TRUTH-CE150D7FAF26714D,ENTITY_CONTROL_TRUTH,CE-0215,"[""DECLARED_OR_NONE""]","{""beneficial_owner_truth_id"":""DECLARED_OR_NONE"",""corporate_entity_id"":""CE-0215"",""truth_category"":""BENIGN_OR_AMBIGUOUS""}",REQUIRED,"Converted protected truth row from entity_control_truth.csv, source row 215.",2026.07.19.2
PANAMA_PAWPERS,ASSERT-ENTITY_CONTROL_TRUTH-D97B2EEFB5A5966A,ENTITY_CONTROL_TRUTH,CE-0216,"[""DECLARED_OR_NONE""]","{""beneficial_owner_truth_id"":""DECLARED_OR_NONE"",""corporate_entity_id"":""CE-0216"",""truth_category"":""BENIGN_OR_AMBIGUOUS""}",REQUIRED,"Converted protected truth row from entity_control_truth.csv, source row 216.",2026.07.19.2
PANAMA_PAWPERS,ASSERT-ENTITY_CONTROL_TRUTH-B856D1F5D69564FD,ENTITY_CONTROL_TRUTH,CE-0217,"[""DECLARED_OR_NONE""]","{""beneficial_owner_truth_id"":""DECLARED_OR_NONE"",""corporate_entity_id"":""CE-0217"",""truth_category"":""BENIGN_OR_AMBIGUOUS""}",REQUIRED,"Converted protected truth row from entity_control_truth.csv, source row 217.",2026.07.19.2
PANAMA_PAWPERS,ASSERT-ENTITY_CONTROL_TRUTH-195AC7FA98B53CDE,ENTITY_CONTROL_TRUTH,CE-0218,"[""DECLARED_OR_NONE""]","{""beneficial_owner_truth_id"":""DECLARED_OR_NONE"",""corporate_entity_id"":""CE-0218"",""truth_category"":""BENIGN_OR_AMBIGUOUS""}",REQUIRED,"Converted protected truth row from entity_control_truth.csv, source row 218.",2026.07.19.2
PANAMA_PAWPERS,ASSERT-ENTITY_CONTROL_TRUTH-EE9CD67C2D67F3EF,ENTITY_CONTROL_TRUTH,CE-0219,"[""DECLARED_OR_NONE""]","{""beneficial_owner_truth_id"":""DECLARED_OR_NONE"",""corporate_entity_id"":""CE-0219"",""truth_category"":""BENIGN_OR_AMBIGUOUS""}",REQUIRED,"Converted protected truth row from entity_control_truth.csv, source row 219.",2026.07.19.2
PANAMA_PAWPERS,ASSERT-ENTITY_CONTROL_TRUTH-AFEA0D9EA65A50DF,ENTITY_CONTROL_TRUTH,CE-0220,"[""DECLARED_OR_NONE""]","{""beneficial_owner_truth_id"":""DECLARED_OR_NONE"",""corporate_entity_id"":""CE-0220"",""truth_category"":""BENIGN_OR_AMBIGUOUS""}",REQUIRED,"Converted protected truth row from entity_control_truth.csv, source row 220.",2026.07.19.2
PANAMA_PAWPERS,ASSERT-ENTITY_CONTROL_TRUTH-0611A8D56E7BBDC9,ENTITY_CONTROL_TRUTH,CE-0221,"[""DECLARED_OR_NONE""]","{""beneficial_owner_truth_id"":""DECLARED_OR_NONE"",""corporate_entity_id"":""CE-0221"",""truth_category"":""BENIGN_OR_AMBIGUOUS""}",REQUIRED,"Converted protected truth row from entity_control_truth.csv, source row 221.",2026.07.19.2
PANAMA_PAWPERS,ASSERT-ENTITY_CONTROL_TRUTH-57E785381A0CA55B,ENTITY_CONTROL_TRUTH,CE-0222,"[""DECLARED_OR_NONE""]","{""beneficial_owner_truth_id"":""DECLARED_OR_NONE"",""corporate_entity_id"":""CE-0222"",""truth_category"":""BENIGN_OR_AMBIGUOUS""}",REQUIRED,"Converted protected truth row from entity_control_truth.csv, source row 222.",2026.07.19.2
PANAMA_PAWPERS,ASSERT-ENTITY_CONTROL_TRUTH-499D97377D85A12C,ENTITY_CONTROL_TRUTH,CE-0223,"[""DECLARED_OR_NONE""]","{""beneficial_owner_truth_id"":""DECLARED_OR_NONE"",""corporate_entity_id"":""CE-0223"",""truth_category"":""BENIGN_OR_AMBIGUOUS""}",REQUIRED,"Converted protected truth row from entity_control_truth.csv, source row 223.",2026.07.19.2
PANAMA_PAWPERS,ASSERT-ENTITY_CONTROL_TRUTH-78A16487FF7BAC32,ENTITY_CONTROL_TRUTH,CE-0224,"[""DECLARED_OR_NONE""]","{""beneficial_owner_truth_id"":""DECLARED_OR_NONE"",""corporate_entity_id"":""CE-0224"",""truth_category"":""BENIGN_OR_AMBIGUOUS""}",REQUIRED,"Converted protected truth row from entity_control_truth.csv, source row 224.",2026.07.19.2
PANAMA_PAWPERS,ASSERT-ENTITY_CONTROL_TRUTH-7CA914C7E004BDAC,ENTITY_CONTROL_TRUTH,CE-0225,"[""DECLARED_OR_NONE""]","{""beneficial_owner_truth_id"":""DECLARED_OR_NONE"",""corporate_entity_id"":""CE-0225"",""truth_category"":""BENIGN_OR_AMBIGUOUS""}",REQUIRED,"Converted protected truth row from entity_control_truth.csv, source row 225.",2026.07.19.2
PANAMA_PAWPERS,ASSERT-ENTITY_CONTROL_TRUTH-A6A67B13CAE728BB,ENTITY_CONTROL_TRUTH,CE-0226,"[""DECLARED_OR_NONE""]","{""beneficial_owner_truth_id"":""DECLARED_OR_NONE"",""corporate_entity_id"":""CE-0226"",""truth_category"":""BENIGN_OR_AMBIGUOUS""}",REQUIRED,"Converted protected truth row from entity_control_truth.csv, source row 226.",2026.07.19.2
PANAMA_PAWPERS,ASSERT-ENTITY_CONTROL_TRUTH-3C609E0663F5907D,ENTITY_CONTROL_TRUTH,CE-0227,"[""DECLARED_OR_NONE""]","{""beneficial_owner_truth_id"":""DECLARED_OR_NONE"",""corporate_entity_id"":""CE-0227"",""truth_category"":""BENIGN_OR_AMBIGUOUS""}",REQUIRED,"Converted protected truth row from entity_control_truth.csv, source row 227.",2026.07.19.2
PANAMA_PAWPERS,ASSERT-ENTITY_CONTROL_TRUTH-B9560F81F2BAA484,ENTITY_CONTROL_TRUTH,CE-0228,"[""DECLARED_OR_NONE""]","{""beneficial_owner_truth_id"":""DECLARED_OR_NONE"",""corporate_entity_id"":""CE-0228"",""truth_category"":""BENIGN_OR_AMBIGUOUS""}",REQUIRED,"Converted protected truth row from entity_control_truth.csv, source row 228.",2026.07.19.2
PANAMA_PAWPERS,ASSERT-ENTITY_CONTROL_TRUTH-A222B6F26A82F93C,ENTITY_CONTROL_TRUTH,CE-0229,"[""DECLARED_OR_NONE""]","{""beneficial_owner_truth_id"":""DECLARED_OR_NONE"",""corporate_entity_id"":""CE-0229"",""truth_category"":""BENIGN_OR_AMBIGUOUS""}",REQUIRED,"Converted protected truth row from entity_control_truth.csv, source row 229.",2026.07.19.2
PANAMA_PAWPERS,ASSERT-ENTITY_CONTROL_TRUTH-C4A09F25D6549B43,ENTITY_CONTROL_TRUTH,CE-0230,"[""DECLARED_OR_NONE""]","{""beneficial_owner_truth_id"":""DECLARED_OR_NONE"",""corporate_entity_id"":""CE-0230"",""truth_category"":""BENIGN_OR_AMBIGUOUS""}",REQUIRED,"Converted protected truth row from entity_control_truth.csv, source row 230.",2026.07.19.2
PANAMA_PAWPERS,ASSERT-ENTITY_CONTROL_TRUTH-614B9451EFCE240D,ENTITY_CONTROL_TRUTH,CE-0231,"[""DECLARED_OR_NONE""]","{""beneficial_owner_truth_id"":""DECLARED_OR_NONE"",""corporate_entity_id"":""CE-0231"",""truth_category"":""BENIGN_OR_AMBIGUOUS""}",REQUIRED,"Converted protected truth row from entity_control_truth.csv, source row 231.",2026.07.19.2
PANAMA_PAWPERS,ASSERT-ENTITY_CONTROL_TRUTH-6E4A97FF091B652C,ENTITY_CONTROL_TRUTH,CE-0232,"[""DECLARED_OR_NONE""]","{""beneficial_owner_truth_id"":""DECLARED_OR_NONE"",""corporate_entity_id"":""CE-0232"",""truth_category"":""BENIGN_OR_AMBIGUOUS""}",REQUIRED,"Converted protected truth row from entity_control_truth.csv, source row 232.",2026.07.19.2
PANAMA_PAWPERS,ASSERT-ENTITY_CONTROL_TRUTH-D719AA7463078F64,ENTITY_CONTROL_TRUTH,CE-0233,"[""DECLARED_OR_NONE""]","{""beneficial_owner_truth_id"":""DECLARED_OR_NONE"",""corporate_entity_id"":""CE-0233"",""truth_category"":""BENIGN_OR_AMBIGUOUS""}",REQUIRED,"Converted protected truth row from entity_control_truth.csv, source row 233.",2026.07.19.2
PANAMA_PAWPERS,ASSERT-ENTITY_CONTROL_TRUTH-BAB6306BB38B7741,ENTITY_CONTROL_TRUTH,CE-0234,"[""DECLARED_OR_NONE""]","{""beneficial_owner_truth_id"":""DECLARED_OR_NONE"",""corporate_entity_id"":""CE-0234"",""truth_category"":""BENIGN_OR_AMBIGUOUS""}",REQUIRED,"Converted protected truth row from entity_control_truth.csv, source row 234.",2026.07.19.2
PANAMA_PAWPERS,ASSERT-ENTITY_CONTROL_TRUTH-9BAFB63B887E2B99,ENTITY_CONTROL_TRUTH,CE-0235,"[""DECLARED_OR_NONE""]","{""beneficial_owner_truth_id"":""DECLARED_OR_NONE"",""corporate_entity_id"":""CE-0235"",""truth_category"":""BENIGN_OR_AMBIGUOUS""}",REQUIRED,"Converted protected truth row from entity_control_truth.csv, source row 235.",2026.07.19.2
PANAMA_PAWPERS,ASSERT-ENTITY_CONTROL_TRUTH-56AFA386C58E6DAA,ENTITY_CONTROL_TRUTH,CE-0236,"[""DECLARED_OR_NONE""]","{""beneficial_owner_truth_id"":""DECLARED_OR_NONE"",""corporate_entity_id"":""CE-0236"",""truth_category"":""BENIGN_OR_AMBIGUOUS""}",REQUIRED,"Converted protected truth row from entity_control_truth.csv, source row 236.",2026.07.19.2
PANAMA_PAWPERS,ASSERT-ENTITY_CONTROL_TRUTH-E61E2BE38BAAC7C8,ENTITY_CONTROL_TRUTH,CE-0237,"[""DECLARED_OR_NONE""]","{""beneficial_owner_truth_id"":""DECLARED_OR_NONE"",""corporate_entity_id"":""CE-0237"",""truth_category"":""BENIGN_OR_AMBIGUOUS""}",REQUIRED,"Converted protected truth row from entity_control_truth.csv, source row 237.",2026.07.19.2
PANAMA_PAWPERS,ASSERT-ENTITY_CONTROL_TRUTH-0A845DA6527388C1,ENTITY_CONTROL_TRUTH,CE-0238,"[""DECLARED_OR_NONE""]","{""beneficial_owner_truth_id"":""DECLARED_OR_NONE"",""corporate_entity_id"":""CE-0238"",""truth_category"":""BENIGN_OR_AMBIGUOUS""}",REQUIRED,"Converted protected truth row from entity_control_truth.csv, source row 238.",2026.07.19.2
PANAMA_PAWPERS,ASSERT-ENTITY_CONTROL_TRUTH-716791C9FA9BF8A1,ENTITY_CONTROL_TRUTH,CE-0239,"[""DECLARED_OR_NONE""]","{""beneficial_owner_truth_id"":""DECLARED_OR_NONE"",""corporate_entity_id"":""CE-0239"",""truth_category"":""BENIGN_OR_AMBIGUOUS""}",REQUIRED,"Converted protected truth row from entity_control_truth.csv, source row 239.",2026.07.19.2
PANAMA_PAWPERS,ASSERT-ENTITY_CONTROL_TRUTH-D74132EF5A63BEA7,ENTITY_CONTROL_TRUTH,CE-0240,"[""DECLARED_OR_NONE""]","{""beneficial_owner_truth_id"":""DECLARED_OR_NONE"",""corporate_entity_id"":""CE-0240"",""truth_category"":""BENIGN_OR_AMBIGUOUS""}",REQUIRED,"Converted protected truth row from entity_control_truth.csv, source row 240.",2026.07.19.2
