case_id,profile_code,candidate_id,left_record_id,right_record_id,entity_type,confidence_band,estimated_score,agreement_fields_json,disagreement_fields_json,missing_fields_json,generation_mode,framework_semantics,actual_engine_run,provenance_note,snapshot_version
PHANTOM_VET,ADULT,Z-0001,PR-ROWAN-01,PR-ROWAN-02,PERSON,HIGH,,"[""name"",""email_or_phone""]","[""source_format""]",[],CURATED_APPROXIMATION,ZINGG_ENTITY_RESOLUTION,false,Likely same person across source systems.,2026.07.18.1-L2
PHANTOM_VET,ADULT,Z-0002,PR-ROWAN-01,PR-ROWAN-03,PERSON,HIGH,,"[""name"",""email_or_phone""]","[""source_format""]",[],CURATED_APPROXIMATION,ZINGG_ENTITY_RESOLUTION,false,Likely same person across source systems.,2026.07.18.1-L2
PHANTOM_VET,ADULT,Z-0003,PR-ROWAN-01,PR-ROWAN-04,PERSON,HIGH,,"[""name"",""email_or_phone""]","[""source_format""]",[],CURATED_APPROXIMATION,ZINGG_ENTITY_RESOLUTION,false,Likely same person across source systems.,2026.07.18.1-L2
PHANTOM_VET,ADULT,Z-0004,PR-ROWAN-02,PR-ROWAN-03,PERSON,HIGH,,"[""name"",""email_or_phone""]","[""source_format""]",[],CURATED_APPROXIMATION,ZINGG_ENTITY_RESOLUTION,false,Likely same person across source systems.,2026.07.18.1-L2
PHANTOM_VET,ADULT,Z-0005,PR-ROWAN-02,PR-ROWAN-04,PERSON,HIGH,,"[""name"",""email_or_phone""]","[""source_format""]",[],CURATED_APPROXIMATION,ZINGG_ENTITY_RESOLUTION,false,Likely same person across source systems.,2026.07.18.1-L2
PHANTOM_VET,ADULT,Z-0006,PR-ROWAN-03,PR-ROWAN-04,PERSON,HIGH,,"[""name"",""email_or_phone""]","[""source_format""]",[],CURATED_APPROXIMATION,ZINGG_ENTITY_RESOLUTION,false,Likely same person across source systems.,2026.07.18.1-L2
PHANTOM_VET,ADULT,Z-0007,PR-MIRA-01,PR-MIRA-02,PERSON,HIGH,,"[""name"",""email_or_phone""]","[""source_format""]",[],CURATED_APPROXIMATION,ZINGG_ENTITY_RESOLUTION,false,Likely same person across source systems.,2026.07.18.1-L2
PHANTOM_VET,ADULT,Z-0008,PR-MIRA-01,PR-MIRA-03,PERSON,HIGH,,"[""name"",""email_or_phone""]","[""source_format""]",[],CURATED_APPROXIMATION,ZINGG_ENTITY_RESOLUTION,false,Likely same person across source systems.,2026.07.18.1-L2
PHANTOM_VET,ADULT,Z-0009,PR-MIRA-02,PR-MIRA-03,PERSON,HIGH,,"[""name"",""email_or_phone""]","[""source_format""]",[],CURATED_APPROXIMATION,ZINGG_ENTITY_RESOLUTION,false,Likely same person across source systems.,2026.07.18.1-L2
PHANTOM_VET,ADULT,Z-0010,PR-DEXTER-01,PR-DEXTER-02,PERSON,HIGH,,"[""name"",""email_or_phone""]","[""source_format""]",[],CURATED_APPROXIMATION,ZINGG_ENTITY_RESOLUTION,false,Likely same person across source systems.,2026.07.18.1-L2
PHANTOM_VET,ADULT,Z-0011,PR-DEXTER-01,PR-DEXTER-03,PERSON,HIGH,,"[""name"",""email_or_phone""]","[""source_format""]",[],CURATED_APPROXIMATION,ZINGG_ENTITY_RESOLUTION,false,Likely same person across source systems.,2026.07.18.1-L2
PHANTOM_VET,ADULT,Z-0012,PR-DEXTER-02,PR-DEXTER-03,PERSON,HIGH,,"[""name"",""email_or_phone""]","[""source_format""]",[],CURATED_APPROXIMATION,ZINGG_ENTITY_RESOLUTION,false,Likely same person across source systems.,2026.07.18.1-L2
PHANTOM_VET,ADULT,Z-0013,PR-ELENA-01,PR-ELENA-02,PERSON,HIGH,,"[""name"",""email_or_phone""]","[""source_format""]",[],CURATED_APPROXIMATION,ZINGG_ENTITY_RESOLUTION,false,Likely same person across source systems.,2026.07.18.1-L2
PHANTOM_VET,ADULT,Z-0014,PR-ELENA-01,PR-ELENA-03,PERSON,HIGH,,"[""name"",""email_or_phone""]","[""source_format""]",[],CURATED_APPROXIMATION,ZINGG_ENTITY_RESOLUTION,false,Likely same person across source systems.,2026.07.18.1-L2
PHANTOM_VET,ADULT,Z-0015,PR-ELENA-02,PR-ELENA-03,PERSON,HIGH,,"[""name"",""email_or_phone""]","[""source_format""]",[],CURATED_APPROXIMATION,ZINGG_ENTITY_RESOLUTION,false,Likely same person across source systems.,2026.07.18.1-L2
PHANTOM_VET,ADULT,Z-0016,PR-TESSA-01,PR-TESSA-02,PERSON,MEDIUM_HIGH,,"[""name"",""email_or_phone""]","[""source_format""]",[],CURATED_APPROXIMATION,ZINGG_ENTITY_RESOLUTION,false,Likely same person across source systems.,2026.07.18.1-L2
PHANTOM_VET,ADULT,Z-0017,PR-HENRY-01,PR-HENRY-02,PERSON,MEDIUM_HIGH,,"[""name"",""email_or_phone""]","[""source_format""]",[],CURATED_APPROXIMATION,ZINGG_ENTITY_RESOLUTION,false,Likely same person across source systems.,2026.07.18.1-L2
PHANTOM_VET,ADULT,Z-0018,PR-OLIVE-01,PR-OLIVE-02,PERSON,MEDIUM_HIGH,,"[""name"",""email_or_phone""]","[""source_format""]",[],CURATED_APPROXIMATION,ZINGG_ENTITY_RESOLUTION,false,Likely same person across source systems.,2026.07.18.1-L2
PHANTOM_VET,ADULT,Z-0019,PR-BENNY-01,PR-BENNY-02,PERSON,MEDIUM_HIGH,,"[""name"",""email_or_phone""]","[""source_format""]",[],CURATED_APPROXIMATION,ZINGG_ENTITY_RESOLUTION,false,Likely same person across source systems.,2026.07.18.1-L2
PHANTOM_VET,ADULT,Z-0020,PR-INGRID-01,PR-INGRID-02,PERSON,MEDIUM_HIGH,,"[""name"",""email_or_phone""]","[""source_format""]",[],CURATED_APPROXIMATION,ZINGG_ENTITY_RESOLUTION,false,Likely same person across source systems.,2026.07.18.1-L2
PHANTOM_VET,ADULT,Z-0021,PR-PRIYA-01,PR-PRIYA-02,PERSON,MEDIUM_HIGH,,"[""name"",""email_or_phone""]","[""source_format""]",[],CURATED_APPROXIMATION,ZINGG_ENTITY_RESOLUTION,false,Likely same person across source systems.,2026.07.18.1-L2
PHANTOM_VET,ADULT,Z-0022,PR-HUGO-01,PR-HUGO-02,PERSON,MEDIUM_HIGH,,"[""name"",""email_or_phone""]","[""source_format""]",[],CURATED_APPROXIMATION,ZINGG_ENTITY_RESOLUTION,false,Likely same person across source systems.,2026.07.18.1-L2
PHANTOM_VET,ADULT,Z-0023,PR-NORA-01,PR-NORA-02,PERSON,MEDIUM_HIGH,,"[""name"",""email_or_phone""]","[""source_format""]",[],CURATED_APPROXIMATION,ZINGG_ENTITY_RESOLUTION,false,Likely same person across source systems.,2026.07.18.1-L2
PHANTOM_VET,ADULT,Z-0024,OR-PHANTOM-01,OR-PHANTOM-02,ORGANIZATION,HIGH,,"[""name_tokens"",""domain_or_phone""]","[""legal_suffix""]",[],CURATED_APPROXIMATION,ZINGG_ENTITY_RESOLUTION,false,Likely same organization across source records.,2026.07.18.1-L2
PHANTOM_VET,ADULT,Z-0025,OR-PHANTOM-01,OR-PHANTOM-03,ORGANIZATION,HIGH,,"[""name_tokens"",""domain_or_phone""]","[""legal_suffix""]",[],CURATED_APPROXIMATION,ZINGG_ENTITY_RESOLUTION,false,Likely same organization across source records.,2026.07.18.1-L2
PHANTOM_VET,ADULT,Z-0026,OR-PHANTOM-01,OR-PHANTOM-04,ORGANIZATION,HIGH,,"[""name_tokens"",""domain_or_phone""]","[""legal_suffix""]",[],CURATED_APPROXIMATION,ZINGG_ENTITY_RESOLUTION,false,Likely same organization across source records.,2026.07.18.1-L2
PHANTOM_VET,ADULT,Z-0027,OR-PHANTOM-02,OR-PHANTOM-03,ORGANIZATION,HIGH,,"[""name_tokens"",""domain_or_phone""]","[""legal_suffix""]",[],CURATED_APPROXIMATION,ZINGG_ENTITY_RESOLUTION,false,Likely same organization across source records.,2026.07.18.1-L2
PHANTOM_VET,ADULT,Z-0028,OR-PHANTOM-02,OR-PHANTOM-04,ORGANIZATION,HIGH,,"[""name_tokens"",""domain_or_phone""]","[""legal_suffix""]",[],CURATED_APPROXIMATION,ZINGG_ENTITY_RESOLUTION,false,Likely same organization across source records.,2026.07.18.1-L2
PHANTOM_VET,ADULT,Z-0029,OR-PHANTOM-03,OR-PHANTOM-04,ORGANIZATION,HIGH,,"[""name_tokens"",""domain_or_phone""]","[""legal_suffix""]",[],CURATED_APPROXIMATION,ZINGG_ENTITY_RESOLUTION,false,Likely same organization across source records.,2026.07.18.1-L2
PHANTOM_VET,ADULT,Z-0030,OR-MOBILE-01,OR-MOBILE-02,ORGANIZATION,HIGH,,"[""name_tokens"",""domain_or_phone""]","[""legal_suffix""]",[],CURATED_APPROXIMATION,ZINGG_ENTITY_RESOLUTION,false,Likely same organization across source records.,2026.07.18.1-L2
PHANTOM_VET,ADULT,Z-0031,OR-MOBILE-01,OR-MOBILE-03,ORGANIZATION,HIGH,,"[""name_tokens"",""domain_or_phone""]","[""legal_suffix""]",[],CURATED_APPROXIMATION,ZINGG_ENTITY_RESOLUTION,false,Likely same organization across source records.,2026.07.18.1-L2
PHANTOM_VET,ADULT,Z-0032,OR-MOBILE-02,OR-MOBILE-03,ORGANIZATION,HIGH,,"[""name_tokens"",""domain_or_phone""]","[""legal_suffix""]",[],CURATED_APPROXIMATION,ZINGG_ENTITY_RESOLUTION,false,Likely same organization across source records.,2026.07.18.1-L2
PHANTOM_VET,ADULT,Z-0033,OR-NIGHTLAB-01,OR-NIGHTLAB-02,ORGANIZATION,HIGH,,"[""name_tokens"",""domain_or_phone""]","[""legal_suffix""]",[],CURATED_APPROXIMATION,ZINGG_ENTITY_RESOLUTION,false,Likely same organization across source records.,2026.07.18.1-L2
PHANTOM_VET,ADULT,Z-0034,OR-NIGHTLAB-01,OR-NIGHTLAB-03,ORGANIZATION,HIGH,,"[""name_tokens"",""domain_or_phone""]","[""legal_suffix""]",[],CURATED_APPROXIMATION,ZINGG_ENTITY_RESOLUTION,false,Likely same organization across source records.,2026.07.18.1-L2
PHANTOM_VET,ADULT,Z-0035,OR-NIGHTLAB-02,OR-NIGHTLAB-03,ORGANIZATION,HIGH,,"[""name_tokens"",""domain_or_phone""]","[""legal_suffix""]",[],CURATED_APPROXIMATION,ZINGG_ENTITY_RESOLUTION,false,Likely same organization across source records.,2026.07.18.1-L2
PHANTOM_VET,ADULT,Z-0036,OR-BLUEPHARM-01,OR-BLUEPHARM-02,ORGANIZATION,HIGH,,"[""name_tokens"",""domain_or_phone""]","[""legal_suffix""]",[],CURATED_APPROXIMATION,ZINGG_ENTITY_RESOLUTION,false,Likely same organization across source records.,2026.07.18.1-L2
PHANTOM_VET,ADULT,Z-0037,OR-BLUEPHARM-01,OR-BLUEPHARM-03,ORGANIZATION,HIGH,,"[""name_tokens"",""domain_or_phone""]","[""legal_suffix""]",[],CURATED_APPROXIMATION,ZINGG_ENTITY_RESOLUTION,false,Likely same organization across source records.,2026.07.18.1-L2
PHANTOM_VET,ADULT,Z-0038,OR-BLUEPHARM-02,OR-BLUEPHARM-03,ORGANIZATION,HIGH,,"[""name_tokens"",""domain_or_phone""]","[""legal_suffix""]",[],CURATED_APPROXIMATION,ZINGG_ENTITY_RESOLUTION,false,Likely same organization across source records.,2026.07.18.1-L2
PHANTOM_VET,ADULT,Z-0039,OR-LANTERN-VET-01,OR-LANTERN-VET-02,ORGANIZATION,HIGH,,"[""name_tokens"",""domain_or_phone""]","[""legal_suffix""]",[],CURATED_APPROXIMATION,ZINGG_ENTITY_RESOLUTION,false,Likely same organization across source records.,2026.07.18.1-L2
PHANTOM_VET,ADULT,Z-0040,OR-LANTERN-VET-01,OR-LANTERN-VET-03,ORGANIZATION,HIGH,,"[""name_tokens"",""domain_or_phone""]","[""legal_suffix""]",[],CURATED_APPROXIMATION,ZINGG_ENTITY_RESOLUTION,false,Likely same organization across source records.,2026.07.18.1-L2
PHANTOM_VET,ADULT,Z-0041,OR-LANTERN-VET-02,OR-LANTERN-VET-03,ORGANIZATION,HIGH,,"[""name_tokens"",""domain_or_phone""]","[""legal_suffix""]",[],CURATED_APPROXIMATION,ZINGG_ENTITY_RESOLUTION,false,Likely same organization across source records.,2026.07.18.1-L2
PHANTOM_VET,ADULT,Z-0042,OR-INSURER-01,OR-INSURER-02,ORGANIZATION,HIGH,,"[""name_tokens"",""domain_or_phone""]","[""legal_suffix""]",[],CURATED_APPROXIMATION,ZINGG_ENTITY_RESOLUTION,false,Likely same organization across source records.,2026.07.18.1-L2
PHANTOM_VET,ADULT,Z-0043,PTR-0001-01,PTR-0001-02,PET,HIGH,,"[""microchip"",""date_of_birth"",""owner_phone""]","[""name_format""]",[],CURATED_APPROXIMATION,ZINGG_ENTITY_RESOLUTION,false,"Likely same pet across registry, policy and clinic sources.",2026.07.18.1-L2
PHANTOM_VET,ADULT,Z-0044,PTR-0001-01,PTR-0001-03,PET,HIGH,,"[""microchip"",""date_of_birth"",""owner_phone""]","[""name_format""]",[],CURATED_APPROXIMATION,ZINGG_ENTITY_RESOLUTION,false,"Likely same pet across registry, policy and clinic sources.",2026.07.18.1-L2
PHANTOM_VET,ADULT,Z-0045,PTR-0001-02,PTR-0001-03,PET,HIGH,,"[""microchip"",""date_of_birth"",""owner_phone""]","[""name_format""]",[],CURATED_APPROXIMATION,ZINGG_ENTITY_RESOLUTION,false,"Likely same pet across registry, policy and clinic sources.",2026.07.18.1-L2
PHANTOM_VET,ADULT,Z-0046,PTR-0002-01,PTR-0002-02,PET,HIGH,,"[""microchip"",""date_of_birth"",""owner_phone""]","[""name_format""]",[],CURATED_APPROXIMATION,ZINGG_ENTITY_RESOLUTION,false,"Likely same pet across registry, policy and clinic sources.",2026.07.18.1-L2
PHANTOM_VET,ADULT,Z-0047,PTR-0002-01,PTR-0002-03,PET,HIGH,,"[""microchip"",""date_of_birth"",""owner_phone""]","[""name_format""]",[],CURATED_APPROXIMATION,ZINGG_ENTITY_RESOLUTION,false,"Likely same pet across registry, policy and clinic sources.",2026.07.18.1-L2
PHANTOM_VET,ADULT,Z-0048,PTR-0002-02,PTR-0002-03,PET,HIGH,,"[""microchip"",""date_of_birth"",""owner_phone""]","[""name_format""]",[],CURATED_APPROXIMATION,ZINGG_ENTITY_RESOLUTION,false,"Likely same pet across registry, policy and clinic sources.",2026.07.18.1-L2
PHANTOM_VET,ADULT,Z-0049,PTR-0003-01,PTR-0003-02,PET,HIGH,,"[""microchip"",""date_of_birth"",""owner_phone""]","[""name_format""]",[],CURATED_APPROXIMATION,ZINGG_ENTITY_RESOLUTION,false,"Likely same pet across registry, policy and clinic sources.",2026.07.18.1-L2
PHANTOM_VET,ADULT,Z-0050,PTR-0003-01,PTR-0003-03,PET,HIGH,,"[""microchip"",""date_of_birth"",""owner_phone""]","[""name_format""]",[],CURATED_APPROXIMATION,ZINGG_ENTITY_RESOLUTION,false,"Likely same pet across registry, policy and clinic sources.",2026.07.18.1-L2
PHANTOM_VET,ADULT,Z-0051,PTR-0003-02,PTR-0003-03,PET,HIGH,,"[""microchip"",""date_of_birth"",""owner_phone""]","[""name_format""]",[],CURATED_APPROXIMATION,ZINGG_ENTITY_RESOLUTION,false,"Likely same pet across registry, policy and clinic sources.",2026.07.18.1-L2
PHANTOM_VET,ADULT,Z-0052,PTR-0004-01,PTR-0004-02,PET,HIGH,,"[""microchip"",""date_of_birth"",""owner_phone""]","[""name_format""]",[],CURATED_APPROXIMATION,ZINGG_ENTITY_RESOLUTION,false,"Likely same pet across registry, policy and clinic sources.",2026.07.18.1-L2
PHANTOM_VET,ADULT,Z-0053,PTR-0004-01,PTR-0004-03,PET,HIGH,,"[""microchip"",""date_of_birth"",""owner_phone""]","[""name_format""]",[],CURATED_APPROXIMATION,ZINGG_ENTITY_RESOLUTION,false,"Likely same pet across registry, policy and clinic sources.",2026.07.18.1-L2
PHANTOM_VET,ADULT,Z-0054,PTR-0004-02,PTR-0004-03,PET,HIGH,,"[""microchip"",""date_of_birth"",""owner_phone""]","[""name_format""]",[],CURATED_APPROXIMATION,ZINGG_ENTITY_RESOLUTION,false,"Likely same pet across registry, policy and clinic sources.",2026.07.18.1-L2
PHANTOM_VET,ADULT,Z-0055,PTR-0005-01,PTR-0005-02,PET,HIGH,,"[""microchip"",""date_of_birth"",""owner_phone""]","[""name_format""]",[],CURATED_APPROXIMATION,ZINGG_ENTITY_RESOLUTION,false,"Likely same pet across registry, policy and clinic sources.",2026.07.18.1-L2
PHANTOM_VET,ADULT,Z-0056,PTR-0005-01,PTR-0005-03,PET,HIGH,,"[""microchip"",""date_of_birth"",""owner_phone""]","[""name_format""]",[],CURATED_APPROXIMATION,ZINGG_ENTITY_RESOLUTION,false,"Likely same pet across registry, policy and clinic sources.",2026.07.18.1-L2
PHANTOM_VET,ADULT,Z-0057,PTR-0005-02,PTR-0005-03,PET,HIGH,,"[""microchip"",""date_of_birth"",""owner_phone""]","[""name_format""]",[],CURATED_APPROXIMATION,ZINGG_ENTITY_RESOLUTION,false,"Likely same pet across registry, policy and clinic sources.",2026.07.18.1-L2
PHANTOM_VET,ADULT,Z-0058,PTR-0006-01,PTR-0006-02,PET,HIGH,,"[""microchip"",""date_of_birth"",""owner_phone""]","[""name_format""]",[],CURATED_APPROXIMATION,ZINGG_ENTITY_RESOLUTION,false,"Likely same pet across registry, policy and clinic sources.",2026.07.18.1-L2
PHANTOM_VET,ADULT,Z-0059,PTR-0006-01,PTR-0006-03,PET,HIGH,,"[""microchip"",""date_of_birth"",""owner_phone""]","[""name_format""]",[],CURATED_APPROXIMATION,ZINGG_ENTITY_RESOLUTION,false,"Likely same pet across registry, policy and clinic sources.",2026.07.18.1-L2
PHANTOM_VET,ADULT,Z-0060,PTR-0006-02,PTR-0006-03,PET,HIGH,,"[""microchip"",""date_of_birth"",""owner_phone""]","[""name_format""]",[],CURATED_APPROXIMATION,ZINGG_ENTITY_RESOLUTION,false,"Likely same pet across registry, policy and clinic sources.",2026.07.18.1-L2
PHANTOM_VET,ADULT,Z-0061,PTR-0007-01,PTR-0007-02,PET,HIGH,,"[""microchip"",""date_of_birth"",""owner_phone""]","[""name_format""]",[],CURATED_APPROXIMATION,ZINGG_ENTITY_RESOLUTION,false,"Likely same pet across registry, policy and clinic sources.",2026.07.18.1-L2
PHANTOM_VET,ADULT,Z-0062,PTR-0007-01,PTR-0007-03,PET,HIGH,,"[""microchip"",""date_of_birth"",""owner_phone""]","[""name_format""]",[],CURATED_APPROXIMATION,ZINGG_ENTITY_RESOLUTION,false,"Likely same pet across registry, policy and clinic sources.",2026.07.18.1-L2
PHANTOM_VET,ADULT,Z-0063,PTR-0007-02,PTR-0007-03,PET,HIGH,,"[""microchip"",""date_of_birth"",""owner_phone""]","[""name_format""]",[],CURATED_APPROXIMATION,ZINGG_ENTITY_RESOLUTION,false,"Likely same pet across registry, policy and clinic sources.",2026.07.18.1-L2
PHANTOM_VET,ADULT,Z-0064,PTR-0008-01,PTR-0008-02,PET,HIGH,,"[""microchip"",""date_of_birth"",""owner_phone""]","[""name_format""]",[],CURATED_APPROXIMATION,ZINGG_ENTITY_RESOLUTION,false,"Likely same pet across registry, policy and clinic sources.",2026.07.18.1-L2
PHANTOM_VET,ADULT,Z-0065,PTR-0008-01,PTR-0008-03,PET,HIGH,,"[""microchip"",""date_of_birth"",""owner_phone""]","[""name_format""]",[],CURATED_APPROXIMATION,ZINGG_ENTITY_RESOLUTION,false,"Likely same pet across registry, policy and clinic sources.",2026.07.18.1-L2
PHANTOM_VET,ADULT,Z-0066,PTR-0008-02,PTR-0008-03,PET,HIGH,,"[""microchip"",""date_of_birth"",""owner_phone""]","[""name_format""]",[],CURATED_APPROXIMATION,ZINGG_ENTITY_RESOLUTION,false,"Likely same pet across registry, policy and clinic sources.",2026.07.18.1-L2
PHANTOM_VET,ADULT,Z-0067,PTR-0009-01,PTR-0009-02,PET,HIGH,,"[""microchip"",""date_of_birth"",""owner_phone""]","[""name_format""]",[],CURATED_APPROXIMATION,ZINGG_ENTITY_RESOLUTION,false,"Likely same pet across registry, policy and clinic sources.",2026.07.18.1-L2
PHANTOM_VET,ADULT,Z-0068,PTR-0009-01,PTR-0009-03,PET,HIGH,,"[""microchip"",""date_of_birth"",""owner_phone""]","[""name_format""]",[],CURATED_APPROXIMATION,ZINGG_ENTITY_RESOLUTION,false,"Likely same pet across registry, policy and clinic sources.",2026.07.18.1-L2
PHANTOM_VET,ADULT,Z-0069,PTR-0009-02,PTR-0009-03,PET,HIGH,,"[""microchip"",""date_of_birth"",""owner_phone""]","[""name_format""]",[],CURATED_APPROXIMATION,ZINGG_ENTITY_RESOLUTION,false,"Likely same pet across registry, policy and clinic sources.",2026.07.18.1-L2
PHANTOM_VET,ADULT,Z-0070,PTR-0010-01,PTR-0010-02,PET,HIGH,,"[""microchip"",""date_of_birth"",""owner_phone""]","[""name_format""]",[],CURATED_APPROXIMATION,ZINGG_ENTITY_RESOLUTION,false,"Likely same pet across registry, policy and clinic sources.",2026.07.18.1-L2
PHANTOM_VET,ADULT,Z-0071,PTR-0010-01,PTR-0010-03,PET,HIGH,,"[""microchip"",""date_of_birth"",""owner_phone""]","[""name_format""]",[],CURATED_APPROXIMATION,ZINGG_ENTITY_RESOLUTION,false,"Likely same pet across registry, policy and clinic sources.",2026.07.18.1-L2
PHANTOM_VET,ADULT,Z-0072,PTR-0010-02,PTR-0010-03,PET,HIGH,,"[""microchip"",""date_of_birth"",""owner_phone""]","[""name_format""]",[],CURATED_APPROXIMATION,ZINGG_ENTITY_RESOLUTION,false,"Likely same pet across registry, policy and clinic sources.",2026.07.18.1-L2
PHANTOM_VET,ADULT,Z-0073,PTR-0011-01,PTR-0011-02,PET,HIGH,,"[""microchip"",""date_of_birth"",""owner_phone""]","[""name_format""]",[],CURATED_APPROXIMATION,ZINGG_ENTITY_RESOLUTION,false,"Likely same pet across registry, policy and clinic sources.",2026.07.18.1-L2
PHANTOM_VET,ADULT,Z-0074,PTR-0011-01,PTR-0011-03,PET,HIGH,,"[""microchip"",""date_of_birth"",""owner_phone""]","[""name_format""]",[],CURATED_APPROXIMATION,ZINGG_ENTITY_RESOLUTION,false,"Likely same pet across registry, policy and clinic sources.",2026.07.18.1-L2
PHANTOM_VET,ADULT,Z-0075,PTR-0011-02,PTR-0011-03,PET,HIGH,,"[""microchip"",""date_of_birth"",""owner_phone""]","[""name_format""]",[],CURATED_APPROXIMATION,ZINGG_ENTITY_RESOLUTION,false,"Likely same pet across registry, policy and clinic sources.",2026.07.18.1-L2
PHANTOM_VET,ADULT,Z-0076,PTR-0012-01,PTR-0012-02,PET,HIGH,,"[""microchip"",""date_of_birth"",""owner_phone""]","[""name_format""]",[],CURATED_APPROXIMATION,ZINGG_ENTITY_RESOLUTION,false,"Likely same pet across registry, policy and clinic sources.",2026.07.18.1-L2
PHANTOM_VET,ADULT,Z-0077,PTR-0012-01,PTR-0012-03,PET,HIGH,,"[""microchip"",""date_of_birth"",""owner_phone""]","[""name_format""]",[],CURATED_APPROXIMATION,ZINGG_ENTITY_RESOLUTION,false,"Likely same pet across registry, policy and clinic sources.",2026.07.18.1-L2
PHANTOM_VET,ADULT,Z-0078,PTR-0012-02,PTR-0012-03,PET,HIGH,,"[""microchip"",""date_of_birth"",""owner_phone""]","[""name_format""]",[],CURATED_APPROXIMATION,ZINGG_ENTITY_RESOLUTION,false,"Likely same pet across registry, policy and clinic sources.",2026.07.18.1-L2
PHANTOM_VET,ADULT,Z-0079,PTR-0013-01,PTR-0013-02,PET,HIGH,,"[""microchip"",""date_of_birth"",""owner_phone""]","[""name_format""]",[],CURATED_APPROXIMATION,ZINGG_ENTITY_RESOLUTION,false,"Likely same pet across registry, policy and clinic sources.",2026.07.18.1-L2
PHANTOM_VET,ADULT,Z-0080,PTR-0013-01,PTR-0013-03,PET,HIGH,,"[""microchip"",""date_of_birth"",""owner_phone""]","[""name_format""]",[],CURATED_APPROXIMATION,ZINGG_ENTITY_RESOLUTION,false,"Likely same pet across registry, policy and clinic sources.",2026.07.18.1-L2
PHANTOM_VET,ADULT,Z-0081,PTR-0013-02,PTR-0013-03,PET,HIGH,,"[""microchip"",""date_of_birth"",""owner_phone""]","[""name_format""]",[],CURATED_APPROXIMATION,ZINGG_ENTITY_RESOLUTION,false,"Likely same pet across registry, policy and clinic sources.",2026.07.18.1-L2
PHANTOM_VET,ADULT,Z-0082,PTR-0014-01,PTR-0014-02,PET,HIGH,,"[""microchip"",""date_of_birth"",""owner_phone""]","[""name_format""]",[],CURATED_APPROXIMATION,ZINGG_ENTITY_RESOLUTION,false,"Likely same pet across registry, policy and clinic sources.",2026.07.18.1-L2
PHANTOM_VET,ADULT,Z-0083,PTR-0014-01,PTR-0014-03,PET,HIGH,,"[""microchip"",""date_of_birth"",""owner_phone""]","[""name_format""]",[],CURATED_APPROXIMATION,ZINGG_ENTITY_RESOLUTION,false,"Likely same pet across registry, policy and clinic sources.",2026.07.18.1-L2
PHANTOM_VET,ADULT,Z-0084,PTR-0014-02,PTR-0014-03,PET,HIGH,,"[""microchip"",""date_of_birth"",""owner_phone""]","[""name_format""]",[],CURATED_APPROXIMATION,ZINGG_ENTITY_RESOLUTION,false,"Likely same pet across registry, policy and clinic sources.",2026.07.18.1-L2
PHANTOM_VET,ADULT,Z-0085,PTR-0015-01,PTR-0015-02,PET,HIGH,,"[""microchip"",""date_of_birth"",""owner_phone""]","[""name_format""]",[],CURATED_APPROXIMATION,ZINGG_ENTITY_RESOLUTION,false,"Likely same pet across registry, policy and clinic sources.",2026.07.18.1-L2
PHANTOM_VET,ADULT,Z-0086,PTR-0015-01,PTR-0015-03,PET,HIGH,,"[""microchip"",""date_of_birth"",""owner_phone""]","[""name_format""]",[],CURATED_APPROXIMATION,ZINGG_ENTITY_RESOLUTION,false,"Likely same pet across registry, policy and clinic sources.",2026.07.18.1-L2
PHANTOM_VET,ADULT,Z-0087,PTR-0015-02,PTR-0015-03,PET,HIGH,,"[""microchip"",""date_of_birth"",""owner_phone""]","[""name_format""]",[],CURATED_APPROXIMATION,ZINGG_ENTITY_RESOLUTION,false,"Likely same pet across registry, policy and clinic sources.",2026.07.18.1-L2
PHANTOM_VET,ADULT,Z-0088,PTR-0016-01,PTR-0016-02,PET,HIGH,,"[""microchip"",""date_of_birth"",""owner_phone""]","[""name_format""]",[],CURATED_APPROXIMATION,ZINGG_ENTITY_RESOLUTION,false,"Likely same pet across registry, policy and clinic sources.",2026.07.18.1-L2
PHANTOM_VET,ADULT,Z-0089,PTR-0016-01,PTR-0016-03,PET,HIGH,,"[""microchip"",""date_of_birth"",""owner_phone""]","[""name_format""]",[],CURATED_APPROXIMATION,ZINGG_ENTITY_RESOLUTION,false,"Likely same pet across registry, policy and clinic sources.",2026.07.18.1-L2
PHANTOM_VET,ADULT,Z-0090,PTR-0016-02,PTR-0016-03,PET,HIGH,,"[""microchip"",""date_of_birth"",""owner_phone""]","[""name_format""]",[],CURATED_APPROXIMATION,ZINGG_ENTITY_RESOLUTION,false,"Likely same pet across registry, policy and clinic sources.",2026.07.18.1-L2
PHANTOM_VET,ADULT,Z-0091,PTR-0017-01,PTR-0017-02,PET,HIGH,,"[""microchip"",""date_of_birth"",""owner_phone""]","[""name_format""]",[],CURATED_APPROXIMATION,ZINGG_ENTITY_RESOLUTION,false,"Likely same pet across registry, policy and clinic sources.",2026.07.18.1-L2
PHANTOM_VET,ADULT,Z-0092,PTR-0017-01,PTR-0017-03,PET,HIGH,,"[""microchip"",""date_of_birth"",""owner_phone""]","[""name_format""]",[],CURATED_APPROXIMATION,ZINGG_ENTITY_RESOLUTION,false,"Likely same pet across registry, policy and clinic sources.",2026.07.18.1-L2
PHANTOM_VET,ADULT,Z-0093,PTR-0017-02,PTR-0017-03,PET,HIGH,,"[""microchip"",""date_of_birth"",""owner_phone""]","[""name_format""]",[],CURATED_APPROXIMATION,ZINGG_ENTITY_RESOLUTION,false,"Likely same pet across registry, policy and clinic sources.",2026.07.18.1-L2
PHANTOM_VET,ADULT,Z-0094,PTR-0018-01,PTR-0018-02,PET,HIGH,,"[""microchip"",""date_of_birth"",""owner_phone""]","[""name_format""]",[],CURATED_APPROXIMATION,ZINGG_ENTITY_RESOLUTION,false,"Likely same pet across registry, policy and clinic sources.",2026.07.18.1-L2
PHANTOM_VET,ADULT,Z-0095,PTR-0018-01,PTR-0018-03,PET,HIGH,,"[""microchip"",""date_of_birth"",""owner_phone""]","[""name_format""]",[],CURATED_APPROXIMATION,ZINGG_ENTITY_RESOLUTION,false,"Likely same pet across registry, policy and clinic sources.",2026.07.18.1-L2
PHANTOM_VET,ADULT,Z-0096,PTR-0018-02,PTR-0018-03,PET,HIGH,,"[""microchip"",""date_of_birth"",""owner_phone""]","[""name_format""]",[],CURATED_APPROXIMATION,ZINGG_ENTITY_RESOLUTION,false,"Likely same pet across registry, policy and clinic sources.",2026.07.18.1-L2
PHANTOM_VET,ADULT,Z-0097,PTR-0019-01,PTR-0019-02,PET,HIGH,,"[""microchip"",""date_of_birth"",""owner_phone""]","[""name_format""]",[],CURATED_APPROXIMATION,ZINGG_ENTITY_RESOLUTION,false,"Likely same pet across registry, policy and clinic sources.",2026.07.18.1-L2
PHANTOM_VET,ADULT,Z-0098,PTR-0019-01,PTR-0019-03,PET,HIGH,,"[""microchip"",""date_of_birth"",""owner_phone""]","[""name_format""]",[],CURATED_APPROXIMATION,ZINGG_ENTITY_RESOLUTION,false,"Likely same pet across registry, policy and clinic sources.",2026.07.18.1-L2
PHANTOM_VET,ADULT,Z-0099,PTR-0019-02,PTR-0019-03,PET,HIGH,,"[""microchip"",""date_of_birth"",""owner_phone""]","[""name_format""]",[],CURATED_APPROXIMATION,ZINGG_ENTITY_RESOLUTION,false,"Likely same pet across registry, policy and clinic sources.",2026.07.18.1-L2
PHANTOM_VET,ADULT,Z-0100,PTR-0020-01,PTR-0020-02,PET,HIGH,,"[""microchip"",""date_of_birth"",""owner_phone""]","[""name_format""]",[],CURATED_APPROXIMATION,ZINGG_ENTITY_RESOLUTION,false,"Likely same pet across registry, policy and clinic sources.",2026.07.18.1-L2
PHANTOM_VET,ADULT,Z-0101,PTR-0020-01,PTR-0020-03,PET,HIGH,,"[""microchip"",""date_of_birth"",""owner_phone""]","[""name_format""]",[],CURATED_APPROXIMATION,ZINGG_ENTITY_RESOLUTION,false,"Likely same pet across registry, policy and clinic sources.",2026.07.18.1-L2
PHANTOM_VET,ADULT,Z-0102,PTR-0020-02,PTR-0020-03,PET,HIGH,,"[""microchip"",""date_of_birth"",""owner_phone""]","[""name_format""]",[],CURATED_APPROXIMATION,ZINGG_ENTITY_RESOLUTION,false,"Likely same pet across registry, policy and clinic sources.",2026.07.18.1-L2
PHANTOM_VET,ADULT,Z-0103,PTR-0021-01,PTR-0021-02,PET,HIGH,,"[""microchip"",""date_of_birth"",""owner_phone""]","[""name_format""]",[],CURATED_APPROXIMATION,ZINGG_ENTITY_RESOLUTION,false,"Likely same pet across registry, policy and clinic sources.",2026.07.18.1-L2
PHANTOM_VET,ADULT,Z-0104,PTR-0021-01,PTR-0021-03,PET,HIGH,,"[""microchip"",""date_of_birth"",""owner_phone""]","[""name_format""]",[],CURATED_APPROXIMATION,ZINGG_ENTITY_RESOLUTION,false,"Likely same pet across registry, policy and clinic sources.",2026.07.18.1-L2
PHANTOM_VET,ADULT,Z-0105,PTR-0021-02,PTR-0021-03,PET,HIGH,,"[""microchip"",""date_of_birth"",""owner_phone""]","[""name_format""]",[],CURATED_APPROXIMATION,ZINGG_ENTITY_RESOLUTION,false,"Likely same pet across registry, policy and clinic sources.",2026.07.18.1-L2
PHANTOM_VET,ADULT,Z-0106,PTR-0022-01,PTR-0022-02,PET,HIGH,,"[""microchip"",""date_of_birth"",""owner_phone""]","[""name_format""]",[],CURATED_APPROXIMATION,ZINGG_ENTITY_RESOLUTION,false,"Likely same pet across registry, policy and clinic sources.",2026.07.18.1-L2
PHANTOM_VET,ADULT,Z-0107,PTR-0022-01,PTR-0022-03,PET,HIGH,,"[""microchip"",""date_of_birth"",""owner_phone""]","[""name_format""]",[],CURATED_APPROXIMATION,ZINGG_ENTITY_RESOLUTION,false,"Likely same pet across registry, policy and clinic sources.",2026.07.18.1-L2
PHANTOM_VET,ADULT,Z-0108,PTR-0022-02,PTR-0022-03,PET,HIGH,,"[""microchip"",""date_of_birth"",""owner_phone""]","[""name_format""]",[],CURATED_APPROXIMATION,ZINGG_ENTITY_RESOLUTION,false,"Likely same pet across registry, policy and clinic sources.",2026.07.18.1-L2
PHANTOM_VET,ADULT,Z-0109,PTR-0023-01,PTR-0023-02,PET,HIGH,,"[""microchip"",""date_of_birth"",""owner_phone""]","[""name_format""]",[],CURATED_APPROXIMATION,ZINGG_ENTITY_RESOLUTION,false,"Likely same pet across registry, policy and clinic sources.",2026.07.18.1-L2
PHANTOM_VET,ADULT,Z-0110,PTR-0023-01,PTR-0023-03,PET,HIGH,,"[""microchip"",""date_of_birth"",""owner_phone""]","[""name_format""]",[],CURATED_APPROXIMATION,ZINGG_ENTITY_RESOLUTION,false,"Likely same pet across registry, policy and clinic sources.",2026.07.18.1-L2
PHANTOM_VET,ADULT,Z-0111,PTR-0023-02,PTR-0023-03,PET,HIGH,,"[""microchip"",""date_of_birth"",""owner_phone""]","[""name_format""]",[],CURATED_APPROXIMATION,ZINGG_ENTITY_RESOLUTION,false,"Likely same pet across registry, policy and clinic sources.",2026.07.18.1-L2
PHANTOM_VET,ADULT,Z-0112,PTR-0024-01,PTR-0024-02,PET,HIGH,,"[""microchip"",""date_of_birth"",""owner_phone""]","[""name_format""]",[],CURATED_APPROXIMATION,ZINGG_ENTITY_RESOLUTION,false,"Likely same pet across registry, policy and clinic sources.",2026.07.18.1-L2
PHANTOM_VET,ADULT,Z-0113,PTR-0024-01,PTR-0024-03,PET,HIGH,,"[""microchip"",""date_of_birth"",""owner_phone""]","[""name_format""]",[],CURATED_APPROXIMATION,ZINGG_ENTITY_RESOLUTION,false,"Likely same pet across registry, policy and clinic sources.",2026.07.18.1-L2
PHANTOM_VET,ADULT,Z-0114,PTR-0024-02,PTR-0024-03,PET,HIGH,,"[""microchip"",""date_of_birth"",""owner_phone""]","[""name_format""]",[],CURATED_APPROXIMATION,ZINGG_ENTITY_RESOLUTION,false,"Likely same pet across registry, policy and clinic sources.",2026.07.18.1-L2
PHANTOM_VET,ADULT,Z-0115,PTR-0025-01,PTR-0025-02,PET,HIGH,,"[""microchip"",""date_of_birth"",""owner_phone""]","[""name_format""]",[],CURATED_APPROXIMATION,ZINGG_ENTITY_RESOLUTION,false,"Likely same pet across registry, policy and clinic sources.",2026.07.18.1-L2
PHANTOM_VET,ADULT,Z-0116,PTR-0025-01,PTR-0025-03,PET,HIGH,,"[""microchip"",""date_of_birth"",""owner_phone""]","[""name_format""]",[],CURATED_APPROXIMATION,ZINGG_ENTITY_RESOLUTION,false,"Likely same pet across registry, policy and clinic sources.",2026.07.18.1-L2
PHANTOM_VET,ADULT,Z-0117,PTR-0025-02,PTR-0025-03,PET,HIGH,,"[""microchip"",""date_of_birth"",""owner_phone""]","[""name_format""]",[],CURATED_APPROXIMATION,ZINGG_ENTITY_RESOLUTION,false,"Likely same pet across registry, policy and clinic sources.",2026.07.18.1-L2
PHANTOM_VET,ADULT,Z-0118,PTR-0026-01,PTR-0026-02,PET,HIGH,,"[""microchip"",""date_of_birth"",""owner_phone""]","[""name_format""]",[],CURATED_APPROXIMATION,ZINGG_ENTITY_RESOLUTION,false,"Likely same pet across registry, policy and clinic sources.",2026.07.18.1-L2
PHANTOM_VET,ADULT,Z-0119,PTR-0026-01,PTR-0026-03,PET,HIGH,,"[""microchip"",""date_of_birth"",""owner_phone""]","[""name_format""]",[],CURATED_APPROXIMATION,ZINGG_ENTITY_RESOLUTION,false,"Likely same pet across registry, policy and clinic sources.",2026.07.18.1-L2
PHANTOM_VET,ADULT,Z-0120,PTR-0026-02,PTR-0026-03,PET,HIGH,,"[""microchip"",""date_of_birth"",""owner_phone""]","[""name_format""]",[],CURATED_APPROXIMATION,ZINGG_ENTITY_RESOLUTION,false,"Likely same pet across registry, policy and clinic sources.",2026.07.18.1-L2
PHANTOM_VET,ADULT,Z-0121,PTR-0027-01,PTR-0027-02,PET,HIGH,,"[""microchip"",""date_of_birth"",""owner_phone""]","[""name_format""]",[],CURATED_APPROXIMATION,ZINGG_ENTITY_RESOLUTION,false,"Likely same pet across registry, policy and clinic sources.",2026.07.18.1-L2
PHANTOM_VET,ADULT,Z-0122,PTR-0027-01,PTR-0027-03,PET,HIGH,,"[""microchip"",""date_of_birth"",""owner_phone""]","[""name_format""]",[],CURATED_APPROXIMATION,ZINGG_ENTITY_RESOLUTION,false,"Likely same pet across registry, policy and clinic sources.",2026.07.18.1-L2
PHANTOM_VET,ADULT,Z-0123,PTR-0027-02,PTR-0027-03,PET,HIGH,,"[""microchip"",""date_of_birth"",""owner_phone""]","[""name_format""]",[],CURATED_APPROXIMATION,ZINGG_ENTITY_RESOLUTION,false,"Likely same pet across registry, policy and clinic sources.",2026.07.18.1-L2
PHANTOM_VET,ADULT,Z-0124,PTR-0028-01,PTR-0028-02,PET,HIGH,,"[""microchip"",""date_of_birth"",""owner_phone""]","[""name_format""]",[],CURATED_APPROXIMATION,ZINGG_ENTITY_RESOLUTION,false,"Likely same pet across registry, policy and clinic sources.",2026.07.18.1-L2
PHANTOM_VET,ADULT,Z-0125,PTR-0028-01,PTR-0028-03,PET,HIGH,,"[""microchip"",""date_of_birth"",""owner_phone""]","[""name_format""]",[],CURATED_APPROXIMATION,ZINGG_ENTITY_RESOLUTION,false,"Likely same pet across registry, policy and clinic sources.",2026.07.18.1-L2
PHANTOM_VET,ADULT,Z-0126,PTR-0028-02,PTR-0028-03,PET,HIGH,,"[""microchip"",""date_of_birth"",""owner_phone""]","[""name_format""]",[],CURATED_APPROXIMATION,ZINGG_ENTITY_RESOLUTION,false,"Likely same pet across registry, policy and clinic sources.",2026.07.18.1-L2
PHANTOM_VET,ADULT,Z-0127,PTR-0029-01,PTR-0029-02,PET,HIGH,,"[""microchip"",""date_of_birth"",""owner_phone""]","[""name_format""]",[],CURATED_APPROXIMATION,ZINGG_ENTITY_RESOLUTION,false,"Likely same pet across registry, policy and clinic sources.",2026.07.18.1-L2
PHANTOM_VET,ADULT,Z-0128,PTR-0029-01,PTR-0029-03,PET,HIGH,,"[""microchip"",""date_of_birth"",""owner_phone""]","[""name_format""]",[],CURATED_APPROXIMATION,ZINGG_ENTITY_RESOLUTION,false,"Likely same pet across registry, policy and clinic sources.",2026.07.18.1-L2
PHANTOM_VET,ADULT,Z-0129,PTR-0029-02,PTR-0029-03,PET,HIGH,,"[""microchip"",""date_of_birth"",""owner_phone""]","[""name_format""]",[],CURATED_APPROXIMATION,ZINGG_ENTITY_RESOLUTION,false,"Likely same pet across registry, policy and clinic sources.",2026.07.18.1-L2
PHANTOM_VET,ADULT,Z-0130,PTR-0030-01,PTR-0030-02,PET,HIGH,,"[""microchip"",""date_of_birth"",""owner_phone""]","[""name_format""]",[],CURATED_APPROXIMATION,ZINGG_ENTITY_RESOLUTION,false,"Likely same pet across registry, policy and clinic sources.",2026.07.18.1-L2
PHANTOM_VET,ADULT,Z-0131,PTR-0030-01,PTR-0030-03,PET,HIGH,,"[""microchip"",""date_of_birth"",""owner_phone""]","[""name_format""]",[],CURATED_APPROXIMATION,ZINGG_ENTITY_RESOLUTION,false,"Likely same pet across registry, policy and clinic sources.",2026.07.18.1-L2
PHANTOM_VET,ADULT,Z-0132,PTR-0030-02,PTR-0030-03,PET,HIGH,,"[""microchip"",""date_of_birth"",""owner_phone""]","[""name_format""]",[],CURATED_APPROXIMATION,ZINGG_ENTITY_RESOLUTION,false,"Likely same pet across registry, policy and clinic sources.",2026.07.18.1-L2
PHANTOM_VET,ADULT,Z-0133,PTR-0031-01,PTR-0031-02,PET,HIGH,,"[""microchip"",""date_of_birth"",""owner_phone""]","[""name_format""]",[],CURATED_APPROXIMATION,ZINGG_ENTITY_RESOLUTION,false,"Likely same pet across registry, policy and clinic sources.",2026.07.18.1-L2
PHANTOM_VET,ADULT,Z-0134,PTR-0031-01,PTR-0031-03,PET,HIGH,,"[""microchip"",""date_of_birth"",""owner_phone""]","[""name_format""]",[],CURATED_APPROXIMATION,ZINGG_ENTITY_RESOLUTION,false,"Likely same pet across registry, policy and clinic sources.",2026.07.18.1-L2
PHANTOM_VET,ADULT,Z-0135,PTR-0031-02,PTR-0031-03,PET,HIGH,,"[""microchip"",""date_of_birth"",""owner_phone""]","[""name_format""]",[],CURATED_APPROXIMATION,ZINGG_ENTITY_RESOLUTION,false,"Likely same pet across registry, policy and clinic sources.",2026.07.18.1-L2
PHANTOM_VET,ADULT,Z-0136,PTR-0032-01,PTR-0032-02,PET,HIGH,,"[""microchip"",""date_of_birth"",""owner_phone""]","[""name_format""]",[],CURATED_APPROXIMATION,ZINGG_ENTITY_RESOLUTION,false,"Likely same pet across registry, policy and clinic sources.",2026.07.18.1-L2
PHANTOM_VET,ADULT,Z-0137,PTR-0032-01,PTR-0032-03,PET,HIGH,,"[""microchip"",""date_of_birth"",""owner_phone""]","[""name_format""]",[],CURATED_APPROXIMATION,ZINGG_ENTITY_RESOLUTION,false,"Likely same pet across registry, policy and clinic sources.",2026.07.18.1-L2
PHANTOM_VET,ADULT,Z-0138,PTR-0032-02,PTR-0032-03,PET,HIGH,,"[""microchip"",""date_of_birth"",""owner_phone""]","[""name_format""]",[],CURATED_APPROXIMATION,ZINGG_ENTITY_RESOLUTION,false,"Likely same pet across registry, policy and clinic sources.",2026.07.18.1-L2
PHANTOM_VET,ADULT,Z-0139,PTR-0033-01,PTR-0033-02,PET,HIGH,,"[""microchip"",""date_of_birth"",""owner_phone""]","[""name_format""]",[],CURATED_APPROXIMATION,ZINGG_ENTITY_RESOLUTION,false,"Likely same pet across registry, policy and clinic sources.",2026.07.18.1-L2
PHANTOM_VET,ADULT,Z-0140,PTR-0033-01,PTR-0033-03,PET,HIGH,,"[""microchip"",""date_of_birth"",""owner_phone""]","[""name_format""]",[],CURATED_APPROXIMATION,ZINGG_ENTITY_RESOLUTION,false,"Likely same pet across registry, policy and clinic sources.",2026.07.18.1-L2
PHANTOM_VET,ADULT,Z-0141,PTR-0033-02,PTR-0033-03,PET,HIGH,,"[""microchip"",""date_of_birth"",""owner_phone""]","[""name_format""]",[],CURATED_APPROXIMATION,ZINGG_ENTITY_RESOLUTION,false,"Likely same pet across registry, policy and clinic sources.",2026.07.18.1-L2
PHANTOM_VET,ADULT,Z-0142,PTR-0034-01,PTR-0034-02,PET,HIGH,,"[""microchip"",""date_of_birth"",""owner_phone""]","[""name_format""]",[],CURATED_APPROXIMATION,ZINGG_ENTITY_RESOLUTION,false,"Likely same pet across registry, policy and clinic sources.",2026.07.18.1-L2
PHANTOM_VET,ADULT,Z-0143,PTR-0034-01,PTR-0034-03,PET,HIGH,,"[""microchip"",""date_of_birth"",""owner_phone""]","[""name_format""]",[],CURATED_APPROXIMATION,ZINGG_ENTITY_RESOLUTION,false,"Likely same pet across registry, policy and clinic sources.",2026.07.18.1-L2
PHANTOM_VET,ADULT,Z-0144,PTR-0034-02,PTR-0034-03,PET,HIGH,,"[""microchip"",""date_of_birth"",""owner_phone""]","[""name_format""]",[],CURATED_APPROXIMATION,ZINGG_ENTITY_RESOLUTION,false,"Likely same pet across registry, policy and clinic sources.",2026.07.18.1-L2
PHANTOM_VET,ADULT,Z-0145,PTR-0035-01,PTR-0035-02,PET,HIGH,,"[""microchip"",""date_of_birth"",""owner_phone""]","[""name_format""]",[],CURATED_APPROXIMATION,ZINGG_ENTITY_RESOLUTION,false,"Likely same pet across registry, policy and clinic sources.",2026.07.18.1-L2
PHANTOM_VET,ADULT,Z-0146,PTR-0035-01,PTR-0035-03,PET,HIGH,,"[""microchip"",""date_of_birth"",""owner_phone""]","[""name_format""]",[],CURATED_APPROXIMATION,ZINGG_ENTITY_RESOLUTION,false,"Likely same pet across registry, policy and clinic sources.",2026.07.18.1-L2
PHANTOM_VET,ADULT,Z-0147,PTR-0035-02,PTR-0035-03,PET,HIGH,,"[""microchip"",""date_of_birth"",""owner_phone""]","[""name_format""]",[],CURATED_APPROXIMATION,ZINGG_ENTITY_RESOLUTION,false,"Likely same pet across registry, policy and clinic sources.",2026.07.18.1-L2
PHANTOM_VET,ADULT,Z-0148,PTR-0036-01,PTR-0036-02,PET,HIGH,,"[""microchip"",""date_of_birth"",""owner_phone""]","[""name_format""]",[],CURATED_APPROXIMATION,ZINGG_ENTITY_RESOLUTION,false,"Likely same pet across registry, policy and clinic sources.",2026.07.18.1-L2
PHANTOM_VET,ADULT,Z-0149,PTR-0036-01,PTR-0036-03,PET,HIGH,,"[""microchip"",""date_of_birth"",""owner_phone""]","[""name_format""]",[],CURATED_APPROXIMATION,ZINGG_ENTITY_RESOLUTION,false,"Likely same pet across registry, policy and clinic sources.",2026.07.18.1-L2
PHANTOM_VET,ADULT,Z-0150,PTR-0036-02,PTR-0036-03,PET,HIGH,,"[""microchip"",""date_of_birth"",""owner_phone""]","[""name_format""]",[],CURATED_APPROXIMATION,ZINGG_ENTITY_RESOLUTION,false,"Likely same pet across registry, policy and clinic sources.",2026.07.18.1-L2
PHANTOM_VET,ADULT,Z-0151,PTR-0037-01,PTR-0037-02,PET,HIGH,,"[""microchip"",""date_of_birth"",""owner_phone""]","[""name_format""]",[],CURATED_APPROXIMATION,ZINGG_ENTITY_RESOLUTION,false,"Likely same pet across registry, policy and clinic sources.",2026.07.18.1-L2
PHANTOM_VET,ADULT,Z-0152,PTR-0037-01,PTR-0037-03,PET,HIGH,,"[""microchip"",""date_of_birth"",""owner_phone""]","[""name_format""]",[],CURATED_APPROXIMATION,ZINGG_ENTITY_RESOLUTION,false,"Likely same pet across registry, policy and clinic sources.",2026.07.18.1-L2
PHANTOM_VET,ADULT,Z-0153,PTR-0037-02,PTR-0037-03,PET,HIGH,,"[""microchip"",""date_of_birth"",""owner_phone""]","[""name_format""]",[],CURATED_APPROXIMATION,ZINGG_ENTITY_RESOLUTION,false,"Likely same pet across registry, policy and clinic sources.",2026.07.18.1-L2
PHANTOM_VET,ADULT,Z-0154,PTR-0038-01,PTR-0038-02,PET,HIGH,,"[""microchip"",""date_of_birth"",""owner_phone""]","[""name_format""]",[],CURATED_APPROXIMATION,ZINGG_ENTITY_RESOLUTION,false,"Likely same pet across registry, policy and clinic sources.",2026.07.18.1-L2
PHANTOM_VET,ADULT,Z-0155,PTR-0038-01,PTR-0038-03,PET,HIGH,,"[""microchip"",""date_of_birth"",""owner_phone""]","[""name_format""]",[],CURATED_APPROXIMATION,ZINGG_ENTITY_RESOLUTION,false,"Likely same pet across registry, policy and clinic sources.",2026.07.18.1-L2
PHANTOM_VET,ADULT,Z-0156,PTR-0038-02,PTR-0038-03,PET,HIGH,,"[""microchip"",""date_of_birth"",""owner_phone""]","[""name_format""]",[],CURATED_APPROXIMATION,ZINGG_ENTITY_RESOLUTION,false,"Likely same pet across registry, policy and clinic sources.",2026.07.18.1-L2
PHANTOM_VET,ADULT,Z-0157,PTR-0039-01,PTR-0039-02,PET,HIGH,,"[""microchip"",""date_of_birth"",""owner_phone""]","[""name_format""]",[],CURATED_APPROXIMATION,ZINGG_ENTITY_RESOLUTION,false,"Likely same pet across registry, policy and clinic sources.",2026.07.18.1-L2
PHANTOM_VET,ADULT,Z-0158,PTR-0039-01,PTR-0039-03,PET,HIGH,,"[""microchip"",""date_of_birth"",""owner_phone""]","[""name_format""]",[],CURATED_APPROXIMATION,ZINGG_ENTITY_RESOLUTION,false,"Likely same pet across registry, policy and clinic sources.",2026.07.18.1-L2
PHANTOM_VET,ADULT,Z-0159,PTR-0039-02,PTR-0039-03,PET,HIGH,,"[""microchip"",""date_of_birth"",""owner_phone""]","[""name_format""]",[],CURATED_APPROXIMATION,ZINGG_ENTITY_RESOLUTION,false,"Likely same pet across registry, policy and clinic sources.",2026.07.18.1-L2
PHANTOM_VET,ADULT,Z-0160,PTR-0040-01,PTR-0040-02,PET,HIGH,,"[""microchip"",""date_of_birth"",""owner_phone""]","[""name_format""]",[],CURATED_APPROXIMATION,ZINGG_ENTITY_RESOLUTION,false,"Likely same pet across registry, policy and clinic sources.",2026.07.18.1-L2
PHANTOM_VET,ADULT,Z-0161,PTR-0040-01,PTR-0040-03,PET,HIGH,,"[""microchip"",""date_of_birth"",""owner_phone""]","[""name_format""]",[],CURATED_APPROXIMATION,ZINGG_ENTITY_RESOLUTION,false,"Likely same pet across registry, policy and clinic sources.",2026.07.18.1-L2
PHANTOM_VET,ADULT,Z-0162,PTR-0040-02,PTR-0040-03,PET,HIGH,,"[""microchip"",""date_of_birth"",""owner_phone""]","[""name_format""]",[],CURATED_APPROXIMATION,ZINGG_ENTITY_RESOLUTION,false,"Likely same pet across registry, policy and clinic sources.",2026.07.18.1-L2
PHANTOM_VET,ADULT,Z-0163,PTR-0041-01,PTR-0041-02,PET,HIGH,,"[""microchip"",""date_of_birth"",""owner_phone""]","[""name_format""]",[],CURATED_APPROXIMATION,ZINGG_ENTITY_RESOLUTION,false,"Likely same pet across registry, policy and clinic sources.",2026.07.18.1-L2
PHANTOM_VET,ADULT,Z-0164,PTR-0041-01,PTR-0041-03,PET,HIGH,,"[""microchip"",""date_of_birth"",""owner_phone""]","[""name_format""]",[],CURATED_APPROXIMATION,ZINGG_ENTITY_RESOLUTION,false,"Likely same pet across registry, policy and clinic sources.",2026.07.18.1-L2
PHANTOM_VET,ADULT,Z-0165,PTR-0041-02,PTR-0041-03,PET,HIGH,,"[""microchip"",""date_of_birth"",""owner_phone""]","[""name_format""]",[],CURATED_APPROXIMATION,ZINGG_ENTITY_RESOLUTION,false,"Likely same pet across registry, policy and clinic sources.",2026.07.18.1-L2
PHANTOM_VET,ADULT,Z-0166,PTR-0042-01,PTR-0042-02,PET,HIGH,,"[""microchip"",""date_of_birth"",""owner_phone""]","[""name_format""]",[],CURATED_APPROXIMATION,ZINGG_ENTITY_RESOLUTION,false,"Likely same pet across registry, policy and clinic sources.",2026.07.18.1-L2
PHANTOM_VET,ADULT,Z-0167,PTR-0042-01,PTR-0042-03,PET,HIGH,,"[""microchip"",""date_of_birth"",""owner_phone""]","[""name_format""]",[],CURATED_APPROXIMATION,ZINGG_ENTITY_RESOLUTION,false,"Likely same pet across registry, policy and clinic sources.",2026.07.18.1-L2
PHANTOM_VET,ADULT,Z-0168,PTR-0042-02,PTR-0042-03,PET,HIGH,,"[""microchip"",""date_of_birth"",""owner_phone""]","[""name_format""]",[],CURATED_APPROXIMATION,ZINGG_ENTITY_RESOLUTION,false,"Likely same pet across registry, policy and clinic sources.",2026.07.18.1-L2
PHANTOM_VET,ADULT,Z-0169,PTR-0043-01,PTR-0043-02,PET,HIGH,,"[""microchip"",""date_of_birth"",""owner_phone""]","[""name_format""]",[],CURATED_APPROXIMATION,ZINGG_ENTITY_RESOLUTION,false,"Likely same pet across registry, policy and clinic sources.",2026.07.18.1-L2
PHANTOM_VET,ADULT,Z-0170,PTR-0043-01,PTR-0043-03,PET,HIGH,,"[""microchip"",""date_of_birth"",""owner_phone""]","[""name_format""]",[],CURATED_APPROXIMATION,ZINGG_ENTITY_RESOLUTION,false,"Likely same pet across registry, policy and clinic sources.",2026.07.18.1-L2
PHANTOM_VET,ADULT,Z-0171,PTR-0043-02,PTR-0043-03,PET,HIGH,,"[""microchip"",""date_of_birth"",""owner_phone""]","[""name_format""]",[],CURATED_APPROXIMATION,ZINGG_ENTITY_RESOLUTION,false,"Likely same pet across registry, policy and clinic sources.",2026.07.18.1-L2
PHANTOM_VET,ADULT,Z-0172,PTR-0044-01,PTR-0044-02,PET,HIGH,,"[""microchip"",""date_of_birth"",""owner_phone""]","[""name_format""]",[],CURATED_APPROXIMATION,ZINGG_ENTITY_RESOLUTION,false,"Likely same pet across registry, policy and clinic sources.",2026.07.18.1-L2
PHANTOM_VET,ADULT,Z-0173,PTR-0044-01,PTR-0044-03,PET,HIGH,,"[""microchip"",""date_of_birth"",""owner_phone""]","[""name_format""]",[],CURATED_APPROXIMATION,ZINGG_ENTITY_RESOLUTION,false,"Likely same pet across registry, policy and clinic sources.",2026.07.18.1-L2
PHANTOM_VET,ADULT,Z-0174,PTR-0044-02,PTR-0044-03,PET,HIGH,,"[""microchip"",""date_of_birth"",""owner_phone""]","[""name_format""]",[],CURATED_APPROXIMATION,ZINGG_ENTITY_RESOLUTION,false,"Likely same pet across registry, policy and clinic sources.",2026.07.18.1-L2
PHANTOM_VET,ADULT,Z-0175,PTR-0045-01,PTR-0045-02,PET,HIGH,,"[""microchip"",""date_of_birth"",""owner_phone""]","[""name_format""]",[],CURATED_APPROXIMATION,ZINGG_ENTITY_RESOLUTION,false,"Likely same pet across registry, policy and clinic sources.",2026.07.18.1-L2
PHANTOM_VET,ADULT,Z-0176,PTR-0045-01,PTR-0045-03,PET,HIGH,,"[""microchip"",""date_of_birth"",""owner_phone""]","[""name_format""]",[],CURATED_APPROXIMATION,ZINGG_ENTITY_RESOLUTION,false,"Likely same pet across registry, policy and clinic sources.",2026.07.18.1-L2
PHANTOM_VET,ADULT,Z-0177,PTR-0045-02,PTR-0045-03,PET,HIGH,,"[""microchip"",""date_of_birth"",""owner_phone""]","[""name_format""]",[],CURATED_APPROXIMATION,ZINGG_ENTITY_RESOLUTION,false,"Likely same pet across registry, policy and clinic sources.",2026.07.18.1-L2
PHANTOM_VET,ADULT,Z-0178,PTR-0046-01,PTR-0046-02,PET,HIGH,,"[""microchip"",""date_of_birth"",""owner_phone""]","[""name_format""]",[],CURATED_APPROXIMATION,ZINGG_ENTITY_RESOLUTION,false,"Likely same pet across registry, policy and clinic sources.",2026.07.18.1-L2
PHANTOM_VET,ADULT,Z-0179,PTR-0046-01,PTR-0046-03,PET,HIGH,,"[""microchip"",""date_of_birth"",""owner_phone""]","[""name_format""]",[],CURATED_APPROXIMATION,ZINGG_ENTITY_RESOLUTION,false,"Likely same pet across registry, policy and clinic sources.",2026.07.18.1-L2
PHANTOM_VET,ADULT,Z-0180,PTR-0046-02,PTR-0046-03,PET,HIGH,,"[""microchip"",""date_of_birth"",""owner_phone""]","[""name_format""]",[],CURATED_APPROXIMATION,ZINGG_ENTITY_RESOLUTION,false,"Likely same pet across registry, policy and clinic sources.",2026.07.18.1-L2
PHANTOM_VET,ADULT,Z-0181,PTR-0047-01,PTR-0047-02,PET,HIGH,,"[""microchip"",""date_of_birth"",""owner_phone""]","[""name_format""]",[],CURATED_APPROXIMATION,ZINGG_ENTITY_RESOLUTION,false,"Likely same pet across registry, policy and clinic sources.",2026.07.18.1-L2
PHANTOM_VET,ADULT,Z-0182,PTR-0047-01,PTR-0047-03,PET,HIGH,,"[""microchip"",""date_of_birth"",""owner_phone""]","[""name_format""]",[],CURATED_APPROXIMATION,ZINGG_ENTITY_RESOLUTION,false,"Likely same pet across registry, policy and clinic sources.",2026.07.18.1-L2
PHANTOM_VET,ADULT,Z-0183,PTR-0047-02,PTR-0047-03,PET,HIGH,,"[""microchip"",""date_of_birth"",""owner_phone""]","[""name_format""]",[],CURATED_APPROXIMATION,ZINGG_ENTITY_RESOLUTION,false,"Likely same pet across registry, policy and clinic sources.",2026.07.18.1-L2
PHANTOM_VET,ADULT,Z-0184,PTR-0048-01,PTR-0048-02,PET,HIGH,,"[""microchip"",""date_of_birth"",""owner_phone""]","[""name_format""]",[],CURATED_APPROXIMATION,ZINGG_ENTITY_RESOLUTION,false,"Likely same pet across registry, policy and clinic sources.",2026.07.18.1-L2
PHANTOM_VET,ADULT,Z-0185,PTR-0048-01,PTR-0048-03,PET,HIGH,,"[""microchip"",""date_of_birth"",""owner_phone""]","[""name_format""]",[],CURATED_APPROXIMATION,ZINGG_ENTITY_RESOLUTION,false,"Likely same pet across registry, policy and clinic sources.",2026.07.18.1-L2
PHANTOM_VET,ADULT,Z-0186,PTR-0048-02,PTR-0048-03,PET,HIGH,,"[""microchip"",""date_of_birth"",""owner_phone""]","[""name_format""]",[],CURATED_APPROXIMATION,ZINGG_ENTITY_RESOLUTION,false,"Likely same pet across registry, policy and clinic sources.",2026.07.18.1-L2
PHANTOM_VET,ADULT,Z-0187,PTR-0049-01,PTR-0049-02,PET,HIGH,,"[""microchip"",""date_of_birth"",""owner_phone""]","[""name_format""]",[],CURATED_APPROXIMATION,ZINGG_ENTITY_RESOLUTION,false,"Likely same pet across registry, policy and clinic sources.",2026.07.18.1-L2
PHANTOM_VET,ADULT,Z-0188,PTR-0049-01,PTR-0049-03,PET,HIGH,,"[""microchip"",""date_of_birth"",""owner_phone""]","[""name_format""]",[],CURATED_APPROXIMATION,ZINGG_ENTITY_RESOLUTION,false,"Likely same pet across registry, policy and clinic sources.",2026.07.18.1-L2
PHANTOM_VET,ADULT,Z-0189,PTR-0049-02,PTR-0049-03,PET,HIGH,,"[""microchip"",""date_of_birth"",""owner_phone""]","[""name_format""]",[],CURATED_APPROXIMATION,ZINGG_ENTITY_RESOLUTION,false,"Likely same pet across registry, policy and clinic sources.",2026.07.18.1-L2
PHANTOM_VET,ADULT,Z-0190,PTR-0050-01,PTR-0050-02,PET,HIGH,,"[""microchip"",""date_of_birth"",""owner_phone""]","[""name_format""]",[],CURATED_APPROXIMATION,ZINGG_ENTITY_RESOLUTION,false,"Likely same pet across registry, policy and clinic sources.",2026.07.18.1-L2
PHANTOM_VET,ADULT,Z-0191,PTR-0050-01,PTR-0050-03,PET,HIGH,,"[""microchip"",""date_of_birth"",""owner_phone""]","[""name_format""]",[],CURATED_APPROXIMATION,ZINGG_ENTITY_RESOLUTION,false,"Likely same pet across registry, policy and clinic sources.",2026.07.18.1-L2
PHANTOM_VET,ADULT,Z-0192,PTR-0050-02,PTR-0050-03,PET,HIGH,,"[""microchip"",""date_of_birth"",""owner_phone""]","[""name_format""]",[],CURATED_APPROXIMATION,ZINGG_ENTITY_RESOLUTION,false,"Likely same pet across registry, policy and clinic sources.",2026.07.18.1-L2
PHANTOM_VET,ADULT,Z-0193,PTR-0051-01,PTR-0051-02,PET,MEDIUM_HIGH,,"[""microchip"",""date_of_birth"",""owner_phone""]","[""name_format""]",[],CURATED_APPROXIMATION,ZINGG_ENTITY_RESOLUTION,false,"Likely same pet across registry, policy and clinic sources.",2026.07.18.1-L2
PHANTOM_VET,ADULT,Z-0194,PTR-0051-01,PTR-0051-03,PET,MEDIUM_HIGH,,"[""microchip"",""date_of_birth"",""owner_phone""]","[""name_format""]",[],CURATED_APPROXIMATION,ZINGG_ENTITY_RESOLUTION,false,"Likely same pet across registry, policy and clinic sources.",2026.07.18.1-L2
PHANTOM_VET,ADULT,Z-0195,PTR-0051-02,PTR-0051-03,PET,MEDIUM_HIGH,,"[""microchip"",""date_of_birth"",""owner_phone""]","[""name_format""]",[],CURATED_APPROXIMATION,ZINGG_ENTITY_RESOLUTION,false,"Likely same pet across registry, policy and clinic sources.",2026.07.18.1-L2
PHANTOM_VET,ADULT,Z-0196,PTR-0052-01,PTR-0052-02,PET,MEDIUM_HIGH,,"[""microchip"",""date_of_birth"",""owner_phone""]","[""name_format""]",[],CURATED_APPROXIMATION,ZINGG_ENTITY_RESOLUTION,false,"Likely same pet across registry, policy and clinic sources.",2026.07.18.1-L2
PHANTOM_VET,ADULT,Z-0197,PTR-0052-01,PTR-0052-03,PET,MEDIUM_HIGH,,"[""microchip"",""date_of_birth"",""owner_phone""]","[""name_format""]",[],CURATED_APPROXIMATION,ZINGG_ENTITY_RESOLUTION,false,"Likely same pet across registry, policy and clinic sources.",2026.07.18.1-L2
PHANTOM_VET,ADULT,Z-0198,PTR-0052-02,PTR-0052-03,PET,MEDIUM_HIGH,,"[""microchip"",""date_of_birth"",""owner_phone""]","[""name_format""]",[],CURATED_APPROXIMATION,ZINGG_ENTITY_RESOLUTION,false,"Likely same pet across registry, policy and clinic sources.",2026.07.18.1-L2
PHANTOM_VET,ADULT,Z-0199,PTR-0053-01,PTR-0053-02,PET,MEDIUM_HIGH,,"[""microchip"",""date_of_birth"",""owner_phone""]","[""name_format""]",[],CURATED_APPROXIMATION,ZINGG_ENTITY_RESOLUTION,false,"Likely same pet across registry, policy and clinic sources.",2026.07.18.1-L2
PHANTOM_VET,ADULT,Z-0200,PTR-0053-01,PTR-0053-03,PET,MEDIUM_HIGH,,"[""microchip"",""date_of_birth"",""owner_phone""]","[""name_format""]",[],CURATED_APPROXIMATION,ZINGG_ENTITY_RESOLUTION,false,"Likely same pet across registry, policy and clinic sources.",2026.07.18.1-L2
PHANTOM_VET,ADULT,Z-0201,PTR-0053-02,PTR-0053-03,PET,MEDIUM_HIGH,,"[""microchip"",""date_of_birth"",""owner_phone""]","[""name_format""]",[],CURATED_APPROXIMATION,ZINGG_ENTITY_RESOLUTION,false,"Likely same pet across registry, policy and clinic sources.",2026.07.18.1-L2
PHANTOM_VET,ADULT,Z-0202,PTR-0054-01,PTR-0054-02,PET,MEDIUM_HIGH,,"[""microchip"",""date_of_birth"",""owner_phone""]","[""name_format""]",[],CURATED_APPROXIMATION,ZINGG_ENTITY_RESOLUTION,false,"Likely same pet across registry, policy and clinic sources.",2026.07.18.1-L2
PHANTOM_VET,ADULT,Z-0203,PTR-0054-01,PTR-0054-03,PET,MEDIUM_HIGH,,"[""microchip"",""date_of_birth"",""owner_phone""]","[""name_format""]",[],CURATED_APPROXIMATION,ZINGG_ENTITY_RESOLUTION,false,"Likely same pet across registry, policy and clinic sources.",2026.07.18.1-L2
PHANTOM_VET,ADULT,Z-0204,PTR-0054-02,PTR-0054-03,PET,MEDIUM_HIGH,,"[""microchip"",""date_of_birth"",""owner_phone""]","[""name_format""]",[],CURATED_APPROXIMATION,ZINGG_ENTITY_RESOLUTION,false,"Likely same pet across registry, policy and clinic sources.",2026.07.18.1-L2
PHANTOM_VET,ADULT,Z-0205,PTR-0055-01,PTR-0055-02,PET,MEDIUM_HIGH,,"[""microchip"",""date_of_birth"",""owner_phone""]","[""name_format""]",[],CURATED_APPROXIMATION,ZINGG_ENTITY_RESOLUTION,false,"Likely same pet across registry, policy and clinic sources.",2026.07.18.1-L2
PHANTOM_VET,ADULT,Z-0206,PTR-0055-01,PTR-0055-03,PET,MEDIUM_HIGH,,"[""microchip"",""date_of_birth"",""owner_phone""]","[""name_format""]",[],CURATED_APPROXIMATION,ZINGG_ENTITY_RESOLUTION,false,"Likely same pet across registry, policy and clinic sources.",2026.07.18.1-L2
PHANTOM_VET,ADULT,Z-0207,PTR-0055-02,PTR-0055-03,PET,MEDIUM_HIGH,,"[""microchip"",""date_of_birth"",""owner_phone""]","[""name_format""]",[],CURATED_APPROXIMATION,ZINGG_ENTITY_RESOLUTION,false,"Likely same pet across registry, policy and clinic sources.",2026.07.18.1-L2
PHANTOM_VET,ADULT,Z-0208,PTR-0056-01,PTR-0056-02,PET,MEDIUM_HIGH,,"[""microchip"",""date_of_birth"",""owner_phone""]","[""name_format""]",[],CURATED_APPROXIMATION,ZINGG_ENTITY_RESOLUTION,false,"Likely same pet across registry, policy and clinic sources.",2026.07.18.1-L2
PHANTOM_VET,ADULT,Z-0209,PTR-0056-01,PTR-0056-03,PET,MEDIUM_HIGH,,"[""microchip"",""date_of_birth"",""owner_phone""]","[""name_format""]",[],CURATED_APPROXIMATION,ZINGG_ENTITY_RESOLUTION,false,"Likely same pet across registry, policy and clinic sources.",2026.07.18.1-L2
PHANTOM_VET,ADULT,Z-0210,PTR-0056-02,PTR-0056-03,PET,MEDIUM_HIGH,,"[""microchip"",""date_of_birth"",""owner_phone""]","[""name_format""]",[],CURATED_APPROXIMATION,ZINGG_ENTITY_RESOLUTION,false,"Likely same pet across registry, policy and clinic sources.",2026.07.18.1-L2
PHANTOM_VET,ADULT,Z-0211,PTR-0057-01,PTR-0057-02,PET,MEDIUM_HIGH,,"[""microchip"",""date_of_birth"",""owner_phone""]","[""name_format""]",[],CURATED_APPROXIMATION,ZINGG_ENTITY_RESOLUTION,false,"Likely same pet across registry, policy and clinic sources.",2026.07.18.1-L2
PHANTOM_VET,ADULT,Z-0212,PTR-0057-01,PTR-0057-03,PET,MEDIUM_HIGH,,"[""microchip"",""date_of_birth"",""owner_phone""]","[""name_format""]",[],CURATED_APPROXIMATION,ZINGG_ENTITY_RESOLUTION,false,"Likely same pet across registry, policy and clinic sources.",2026.07.18.1-L2
PHANTOM_VET,ADULT,Z-0213,PTR-0057-02,PTR-0057-03,PET,MEDIUM_HIGH,,"[""microchip"",""date_of_birth"",""owner_phone""]","[""name_format""]",[],CURATED_APPROXIMATION,ZINGG_ENTITY_RESOLUTION,false,"Likely same pet across registry, policy and clinic sources.",2026.07.18.1-L2
PHANTOM_VET,ADULT,Z-0214,PTR-0058-01,PTR-0058-02,PET,MEDIUM_HIGH,,"[""microchip"",""date_of_birth"",""owner_phone""]","[""name_format""]",[],CURATED_APPROXIMATION,ZINGG_ENTITY_RESOLUTION,false,"Likely same pet across registry, policy and clinic sources.",2026.07.18.1-L2
PHANTOM_VET,ADULT,Z-0215,PTR-0058-01,PTR-0058-03,PET,MEDIUM_HIGH,,"[""microchip"",""date_of_birth"",""owner_phone""]","[""name_format""]",[],CURATED_APPROXIMATION,ZINGG_ENTITY_RESOLUTION,false,"Likely same pet across registry, policy and clinic sources.",2026.07.18.1-L2
PHANTOM_VET,ADULT,Z-0216,PTR-0058-02,PTR-0058-03,PET,MEDIUM_HIGH,,"[""microchip"",""date_of_birth"",""owner_phone""]","[""name_format""]",[],CURATED_APPROXIMATION,ZINGG_ENTITY_RESOLUTION,false,"Likely same pet across registry, policy and clinic sources.",2026.07.18.1-L2
PHANTOM_VET,ADULT,Z-0217,PTR-0059-01,PTR-0059-02,PET,MEDIUM_HIGH,,"[""microchip"",""date_of_birth"",""owner_phone""]","[""name_format""]",[],CURATED_APPROXIMATION,ZINGG_ENTITY_RESOLUTION,false,"Likely same pet across registry, policy and clinic sources.",2026.07.18.1-L2
PHANTOM_VET,ADULT,Z-0218,PTR-0059-01,PTR-0059-03,PET,MEDIUM_HIGH,,"[""microchip"",""date_of_birth"",""owner_phone""]","[""name_format""]",[],CURATED_APPROXIMATION,ZINGG_ENTITY_RESOLUTION,false,"Likely same pet across registry, policy and clinic sources.",2026.07.18.1-L2
PHANTOM_VET,ADULT,Z-0219,PTR-0059-02,PTR-0059-03,PET,MEDIUM_HIGH,,"[""microchip"",""date_of_birth"",""owner_phone""]","[""name_format""]",[],CURATED_APPROXIMATION,ZINGG_ENTITY_RESOLUTION,false,"Likely same pet across registry, policy and clinic sources.",2026.07.18.1-L2
PHANTOM_VET,ADULT,Z-0220,PTR-0060-01,PTR-0060-02,PET,MEDIUM_HIGH,,"[""microchip"",""date_of_birth"",""owner_phone""]","[""name_format""]",[],CURATED_APPROXIMATION,ZINGG_ENTITY_RESOLUTION,false,"Likely same pet across registry, policy and clinic sources.",2026.07.18.1-L2
PHANTOM_VET,ADULT,Z-0221,PTR-0060-01,PTR-0060-03,PET,MEDIUM_HIGH,,"[""microchip"",""date_of_birth"",""owner_phone""]","[""name_format""]",[],CURATED_APPROXIMATION,ZINGG_ENTITY_RESOLUTION,false,"Likely same pet across registry, policy and clinic sources.",2026.07.18.1-L2
PHANTOM_VET,ADULT,Z-0222,PTR-0060-02,PTR-0060-03,PET,MEDIUM_HIGH,,"[""microchip"",""date_of_birth"",""owner_phone""]","[""name_format""]",[],CURATED_APPROXIMATION,ZINGG_ENTITY_RESOLUTION,false,"Likely same pet across registry, policy and clinic sources.",2026.07.18.1-L2
PHANTOM_VET,ADULT,Z-0223,PTR-0061-01,PTR-0061-02,PET,MEDIUM_HIGH,,"[""microchip"",""date_of_birth"",""owner_phone""]","[""name_format""]",[],CURATED_APPROXIMATION,ZINGG_ENTITY_RESOLUTION,false,"Likely same pet across registry, policy and clinic sources.",2026.07.18.1-L2
PHANTOM_VET,ADULT,Z-0224,PTR-0061-01,PTR-0061-03,PET,MEDIUM_HIGH,,"[""microchip"",""date_of_birth"",""owner_phone""]","[""name_format""]",[],CURATED_APPROXIMATION,ZINGG_ENTITY_RESOLUTION,false,"Likely same pet across registry, policy and clinic sources.",2026.07.18.1-L2
PHANTOM_VET,ADULT,Z-0225,PTR-0061-02,PTR-0061-03,PET,MEDIUM_HIGH,,"[""microchip"",""date_of_birth"",""owner_phone""]","[""name_format""]",[],CURATED_APPROXIMATION,ZINGG_ENTITY_RESOLUTION,false,"Likely same pet across registry, policy and clinic sources.",2026.07.18.1-L2
PHANTOM_VET,ADULT,Z-0226,PTR-0062-01,PTR-0062-02,PET,MEDIUM_HIGH,,"[""microchip"",""date_of_birth"",""owner_phone""]","[""name_format""]",[],CURATED_APPROXIMATION,ZINGG_ENTITY_RESOLUTION,false,"Likely same pet across registry, policy and clinic sources.",2026.07.18.1-L2
PHANTOM_VET,ADULT,Z-0227,PTR-0062-01,PTR-0062-03,PET,MEDIUM_HIGH,,"[""microchip"",""date_of_birth"",""owner_phone""]","[""name_format""]",[],CURATED_APPROXIMATION,ZINGG_ENTITY_RESOLUTION,false,"Likely same pet across registry, policy and clinic sources.",2026.07.18.1-L2
PHANTOM_VET,ADULT,Z-0228,PTR-0062-02,PTR-0062-03,PET,MEDIUM_HIGH,,"[""microchip"",""date_of_birth"",""owner_phone""]","[""name_format""]",[],CURATED_APPROXIMATION,ZINGG_ENTITY_RESOLUTION,false,"Likely same pet across registry, policy and clinic sources.",2026.07.18.1-L2
PHANTOM_VET,ADULT,Z-0229,PTR-0063-01,PTR-0063-02,PET,MEDIUM_HIGH,,"[""microchip"",""date_of_birth"",""owner_phone""]","[""name_format""]",[],CURATED_APPROXIMATION,ZINGG_ENTITY_RESOLUTION,false,"Likely same pet across registry, policy and clinic sources.",2026.07.18.1-L2
PHANTOM_VET,ADULT,Z-0230,PTR-0063-01,PTR-0063-03,PET,MEDIUM_HIGH,,"[""microchip"",""date_of_birth"",""owner_phone""]","[""name_format""]",[],CURATED_APPROXIMATION,ZINGG_ENTITY_RESOLUTION,false,"Likely same pet across registry, policy and clinic sources.",2026.07.18.1-L2
PHANTOM_VET,ADULT,Z-0231,PTR-0063-02,PTR-0063-03,PET,MEDIUM_HIGH,,"[""microchip"",""date_of_birth"",""owner_phone""]","[""name_format""]",[],CURATED_APPROXIMATION,ZINGG_ENTITY_RESOLUTION,false,"Likely same pet across registry, policy and clinic sources.",2026.07.18.1-L2
PHANTOM_VET,ADULT,Z-0232,PTR-0064-01,PTR-0064-02,PET,MEDIUM_HIGH,,"[""microchip"",""date_of_birth"",""owner_phone""]","[""name_format""]",[],CURATED_APPROXIMATION,ZINGG_ENTITY_RESOLUTION,false,"Likely same pet across registry, policy and clinic sources.",2026.07.18.1-L2
PHANTOM_VET,ADULT,Z-0233,PTR-0064-01,PTR-0064-03,PET,MEDIUM_HIGH,,"[""microchip"",""date_of_birth"",""owner_phone""]","[""name_format""]",[],CURATED_APPROXIMATION,ZINGG_ENTITY_RESOLUTION,false,"Likely same pet across registry, policy and clinic sources.",2026.07.18.1-L2
PHANTOM_VET,ADULT,Z-0234,PTR-0064-02,PTR-0064-03,PET,MEDIUM_HIGH,,"[""microchip"",""date_of_birth"",""owner_phone""]","[""name_format""]",[],CURATED_APPROXIMATION,ZINGG_ENTITY_RESOLUTION,false,"Likely same pet across registry, policy and clinic sources.",2026.07.18.1-L2
PHANTOM_VET,ADULT,Z-0235,PTR-0065-01,PTR-0065-02,PET,MEDIUM_HIGH,,"[""microchip"",""date_of_birth"",""owner_phone""]","[""name_format""]",[],CURATED_APPROXIMATION,ZINGG_ENTITY_RESOLUTION,false,"Likely same pet across registry, policy and clinic sources.",2026.07.18.1-L2
PHANTOM_VET,ADULT,Z-0236,PTR-0065-01,PTR-0065-03,PET,MEDIUM_HIGH,,"[""microchip"",""date_of_birth"",""owner_phone""]","[""name_format""]",[],CURATED_APPROXIMATION,ZINGG_ENTITY_RESOLUTION,false,"Likely same pet across registry, policy and clinic sources.",2026.07.18.1-L2
PHANTOM_VET,ADULT,Z-0237,PTR-0065-02,PTR-0065-03,PET,MEDIUM_HIGH,,"[""microchip"",""date_of_birth"",""owner_phone""]","[""name_format""]",[],CURATED_APPROXIMATION,ZINGG_ENTITY_RESOLUTION,false,"Likely same pet across registry, policy and clinic sources.",2026.07.18.1-L2
PHANTOM_VET,ADULT,Z-0238,PTR-0066-01,PTR-0066-02,PET,MEDIUM_HIGH,,"[""microchip"",""date_of_birth"",""owner_phone""]","[""name_format""]",[],CURATED_APPROXIMATION,ZINGG_ENTITY_RESOLUTION,false,"Likely same pet across registry, policy and clinic sources.",2026.07.18.1-L2
PHANTOM_VET,ADULT,Z-0239,PTR-0066-01,PTR-0066-03,PET,MEDIUM_HIGH,,"[""microchip"",""date_of_birth"",""owner_phone""]","[""name_format""]",[],CURATED_APPROXIMATION,ZINGG_ENTITY_RESOLUTION,false,"Likely same pet across registry, policy and clinic sources.",2026.07.18.1-L2
PHANTOM_VET,ADULT,Z-0240,PTR-0066-02,PTR-0066-03,PET,MEDIUM_HIGH,,"[""microchip"",""date_of_birth"",""owner_phone""]","[""name_format""]",[],CURATED_APPROXIMATION,ZINGG_ENTITY_RESOLUTION,false,"Likely same pet across registry, policy and clinic sources.",2026.07.18.1-L2
PHANTOM_VET,ADULT,Z-0241,PTR-0067-01,PTR-0067-02,PET,MEDIUM_HIGH,,"[""microchip"",""date_of_birth"",""owner_phone""]","[""name_format""]",[],CURATED_APPROXIMATION,ZINGG_ENTITY_RESOLUTION,false,"Likely same pet across registry, policy and clinic sources.",2026.07.18.1-L2
PHANTOM_VET,ADULT,Z-0242,PTR-0067-01,PTR-0067-03,PET,MEDIUM_HIGH,,"[""microchip"",""date_of_birth"",""owner_phone""]","[""name_format""]",[],CURATED_APPROXIMATION,ZINGG_ENTITY_RESOLUTION,false,"Likely same pet across registry, policy and clinic sources.",2026.07.18.1-L2
PHANTOM_VET,ADULT,Z-0243,PTR-0067-02,PTR-0067-03,PET,MEDIUM_HIGH,,"[""microchip"",""date_of_birth"",""owner_phone""]","[""name_format""]",[],CURATED_APPROXIMATION,ZINGG_ENTITY_RESOLUTION,false,"Likely same pet across registry, policy and clinic sources.",2026.07.18.1-L2
PHANTOM_VET,ADULT,Z-0244,PTR-0068-01,PTR-0068-02,PET,MEDIUM_HIGH,,"[""microchip"",""date_of_birth"",""owner_phone""]","[""name_format""]",[],CURATED_APPROXIMATION,ZINGG_ENTITY_RESOLUTION,false,"Likely same pet across registry, policy and clinic sources.",2026.07.18.1-L2
PHANTOM_VET,ADULT,Z-0245,PTR-0068-01,PTR-0068-03,PET,MEDIUM_HIGH,,"[""microchip"",""date_of_birth"",""owner_phone""]","[""name_format""]",[],CURATED_APPROXIMATION,ZINGG_ENTITY_RESOLUTION,false,"Likely same pet across registry, policy and clinic sources.",2026.07.18.1-L2
PHANTOM_VET,ADULT,Z-0246,PTR-0068-02,PTR-0068-03,PET,MEDIUM_HIGH,,"[""microchip"",""date_of_birth"",""owner_phone""]","[""name_format""]",[],CURATED_APPROXIMATION,ZINGG_ENTITY_RESOLUTION,false,"Likely same pet across registry, policy and clinic sources.",2026.07.18.1-L2
PHANTOM_VET,ADULT,Z-0247,PTR-0069-01,PTR-0069-02,PET,MEDIUM_HIGH,,"[""microchip"",""date_of_birth"",""owner_phone""]","[""name_format""]",[],CURATED_APPROXIMATION,ZINGG_ENTITY_RESOLUTION,false,"Likely same pet across registry, policy and clinic sources.",2026.07.18.1-L2
PHANTOM_VET,ADULT,Z-0248,PTR-0069-01,PTR-0069-03,PET,MEDIUM_HIGH,,"[""microchip"",""date_of_birth"",""owner_phone""]","[""name_format""]",[],CURATED_APPROXIMATION,ZINGG_ENTITY_RESOLUTION,false,"Likely same pet across registry, policy and clinic sources.",2026.07.18.1-L2
PHANTOM_VET,ADULT,Z-0249,PTR-0069-02,PTR-0069-03,PET,MEDIUM_HIGH,,"[""microchip"",""date_of_birth"",""owner_phone""]","[""name_format""]",[],CURATED_APPROXIMATION,ZINGG_ENTITY_RESOLUTION,false,"Likely same pet across registry, policy and clinic sources.",2026.07.18.1-L2
PHANTOM_VET,ADULT,Z-0250,PTR-0070-01,PTR-0070-02,PET,MEDIUM_HIGH,,"[""microchip"",""date_of_birth"",""owner_phone""]","[""name_format""]",[],CURATED_APPROXIMATION,ZINGG_ENTITY_RESOLUTION,false,"Likely same pet across registry, policy and clinic sources.",2026.07.18.1-L2
PHANTOM_VET,ADULT,Z-0251,PTR-0070-01,PTR-0070-03,PET,MEDIUM_HIGH,,"[""microchip"",""date_of_birth"",""owner_phone""]","[""name_format""]",[],CURATED_APPROXIMATION,ZINGG_ENTITY_RESOLUTION,false,"Likely same pet across registry, policy and clinic sources.",2026.07.18.1-L2
PHANTOM_VET,ADULT,Z-0252,PTR-0070-02,PTR-0070-03,PET,MEDIUM_HIGH,,"[""microchip"",""date_of_birth"",""owner_phone""]","[""name_format""]",[],CURATED_APPROXIMATION,ZINGG_ENTITY_RESOLUTION,false,"Likely same pet across registry, policy and clinic sources.",2026.07.18.1-L2
PHANTOM_VET,ADULT,Z-0253,PTR-0071-01,PTR-0071-02,PET,MEDIUM_HIGH,,"[""microchip"",""date_of_birth"",""owner_phone""]","[""name_format""]",[],CURATED_APPROXIMATION,ZINGG_ENTITY_RESOLUTION,false,"Likely same pet across registry, policy and clinic sources.",2026.07.18.1-L2
PHANTOM_VET,ADULT,Z-0254,PTR-0071-01,PTR-0071-03,PET,MEDIUM_HIGH,,"[""microchip"",""date_of_birth"",""owner_phone""]","[""name_format""]",[],CURATED_APPROXIMATION,ZINGG_ENTITY_RESOLUTION,false,"Likely same pet across registry, policy and clinic sources.",2026.07.18.1-L2
PHANTOM_VET,ADULT,Z-0255,PTR-0071-02,PTR-0071-03,PET,MEDIUM_HIGH,,"[""microchip"",""date_of_birth"",""owner_phone""]","[""name_format""]",[],CURATED_APPROXIMATION,ZINGG_ENTITY_RESOLUTION,false,"Likely same pet across registry, policy and clinic sources.",2026.07.18.1-L2
PHANTOM_VET,ADULT,Z-0256,PTR-0072-01,PTR-0072-02,PET,MEDIUM_HIGH,,"[""microchip"",""date_of_birth"",""owner_phone""]","[""name_format""]",[],CURATED_APPROXIMATION,ZINGG_ENTITY_RESOLUTION,false,"Likely same pet across registry, policy and clinic sources.",2026.07.18.1-L2
PHANTOM_VET,ADULT,Z-0257,PTR-0072-01,PTR-0072-03,PET,MEDIUM_HIGH,,"[""microchip"",""date_of_birth"",""owner_phone""]","[""name_format""]",[],CURATED_APPROXIMATION,ZINGG_ENTITY_RESOLUTION,false,"Likely same pet across registry, policy and clinic sources.",2026.07.18.1-L2
PHANTOM_VET,ADULT,Z-0258,PTR-0072-02,PTR-0072-03,PET,MEDIUM_HIGH,,"[""microchip"",""date_of_birth"",""owner_phone""]","[""name_format""]",[],CURATED_APPROXIMATION,ZINGG_ENTITY_RESOLUTION,false,"Likely same pet across registry, policy and clinic sources.",2026.07.18.1-L2
PHANTOM_VET,ADULT,Z-0259,PTR-0073-01,PTR-0073-02,PET,MEDIUM_HIGH,,"[""microchip"",""date_of_birth"",""owner_phone""]","[""name_format""]",[],CURATED_APPROXIMATION,ZINGG_ENTITY_RESOLUTION,false,"Likely same pet across registry, policy and clinic sources.",2026.07.18.1-L2
PHANTOM_VET,ADULT,Z-0260,PTR-0073-01,PTR-0073-03,PET,MEDIUM_HIGH,,"[""microchip"",""date_of_birth"",""owner_phone""]","[""name_format""]",[],CURATED_APPROXIMATION,ZINGG_ENTITY_RESOLUTION,false,"Likely same pet across registry, policy and clinic sources.",2026.07.18.1-L2
PHANTOM_VET,ADULT,Z-0261,PTR-0073-02,PTR-0073-03,PET,MEDIUM_HIGH,,"[""microchip"",""date_of_birth"",""owner_phone""]","[""name_format""]",[],CURATED_APPROXIMATION,ZINGG_ENTITY_RESOLUTION,false,"Likely same pet across registry, policy and clinic sources.",2026.07.18.1-L2
PHANTOM_VET,ADULT,Z-0262,PTR-0074-01,PTR-0074-02,PET,MEDIUM_HIGH,,"[""microchip"",""date_of_birth"",""owner_phone""]","[""name_format""]",[],CURATED_APPROXIMATION,ZINGG_ENTITY_RESOLUTION,false,"Likely same pet across registry, policy and clinic sources.",2026.07.18.1-L2
PHANTOM_VET,ADULT,Z-0263,PTR-0074-01,PTR-0074-03,PET,MEDIUM_HIGH,,"[""microchip"",""date_of_birth"",""owner_phone""]","[""name_format""]",[],CURATED_APPROXIMATION,ZINGG_ENTITY_RESOLUTION,false,"Likely same pet across registry, policy and clinic sources.",2026.07.18.1-L2
PHANTOM_VET,ADULT,Z-0264,PTR-0074-02,PTR-0074-03,PET,MEDIUM_HIGH,,"[""microchip"",""date_of_birth"",""owner_phone""]","[""name_format""]",[],CURATED_APPROXIMATION,ZINGG_ENTITY_RESOLUTION,false,"Likely same pet across registry, policy and clinic sources.",2026.07.18.1-L2
PHANTOM_VET,ADULT,Z-0265,PTR-0075-01,PTR-0075-02,PET,MEDIUM_HIGH,,"[""microchip"",""date_of_birth"",""owner_phone""]","[""name_format""]",[],CURATED_APPROXIMATION,ZINGG_ENTITY_RESOLUTION,false,"Likely same pet across registry, policy and clinic sources.",2026.07.18.1-L2
PHANTOM_VET,ADULT,Z-0266,PTR-0075-01,PTR-0075-03,PET,MEDIUM_HIGH,,"[""microchip"",""date_of_birth"",""owner_phone""]","[""name_format""]",[],CURATED_APPROXIMATION,ZINGG_ENTITY_RESOLUTION,false,"Likely same pet across registry, policy and clinic sources.",2026.07.18.1-L2
PHANTOM_VET,ADULT,Z-0267,PTR-0075-02,PTR-0075-03,PET,MEDIUM_HIGH,,"[""microchip"",""date_of_birth"",""owner_phone""]","[""name_format""]",[],CURATED_APPROXIMATION,ZINGG_ENTITY_RESOLUTION,false,"Likely same pet across registry, policy and clinic sources.",2026.07.18.1-L2
PHANTOM_VET,ADULT,Z-0268,PTR-0076-01,PTR-0076-02,PET,MEDIUM_HIGH,,"[""microchip"",""date_of_birth"",""owner_phone""]","[""name_format""]",[],CURATED_APPROXIMATION,ZINGG_ENTITY_RESOLUTION,false,"Likely same pet across registry, policy and clinic sources.",2026.07.18.1-L2
PHANTOM_VET,ADULT,Z-0269,PTR-0076-01,PTR-0076-03,PET,MEDIUM_HIGH,,"[""microchip"",""date_of_birth"",""owner_phone""]","[""name_format""]",[],CURATED_APPROXIMATION,ZINGG_ENTITY_RESOLUTION,false,"Likely same pet across registry, policy and clinic sources.",2026.07.18.1-L2
PHANTOM_VET,ADULT,Z-0270,PTR-0076-02,PTR-0076-03,PET,MEDIUM_HIGH,,"[""microchip"",""date_of_birth"",""owner_phone""]","[""name_format""]",[],CURATED_APPROXIMATION,ZINGG_ENTITY_RESOLUTION,false,"Likely same pet across registry, policy and clinic sources.",2026.07.18.1-L2
PHANTOM_VET,ADULT,Z-0271,PTR-0077-01,PTR-0077-02,PET,MEDIUM_HIGH,,"[""microchip"",""date_of_birth"",""owner_phone""]","[""name_format""]",[],CURATED_APPROXIMATION,ZINGG_ENTITY_RESOLUTION,false,"Likely same pet across registry, policy and clinic sources.",2026.07.18.1-L2
PHANTOM_VET,ADULT,Z-0272,PTR-0077-01,PTR-0077-03,PET,MEDIUM_HIGH,,"[""microchip"",""date_of_birth"",""owner_phone""]","[""name_format""]",[],CURATED_APPROXIMATION,ZINGG_ENTITY_RESOLUTION,false,"Likely same pet across registry, policy and clinic sources.",2026.07.18.1-L2
PHANTOM_VET,ADULT,Z-0273,PTR-0077-02,PTR-0077-03,PET,MEDIUM_HIGH,,"[""microchip"",""date_of_birth"",""owner_phone""]","[""name_format""]",[],CURATED_APPROXIMATION,ZINGG_ENTITY_RESOLUTION,false,"Likely same pet across registry, policy and clinic sources.",2026.07.18.1-L2
PHANTOM_VET,ADULT,Z-0274,PTR-0078-01,PTR-0078-02,PET,MEDIUM_HIGH,,"[""microchip"",""date_of_birth"",""owner_phone""]","[""name_format""]",[],CURATED_APPROXIMATION,ZINGG_ENTITY_RESOLUTION,false,"Likely same pet across registry, policy and clinic sources.",2026.07.18.1-L2
PHANTOM_VET,ADULT,Z-0275,PTR-0078-01,PTR-0078-03,PET,MEDIUM_HIGH,,"[""microchip"",""date_of_birth"",""owner_phone""]","[""name_format""]",[],CURATED_APPROXIMATION,ZINGG_ENTITY_RESOLUTION,false,"Likely same pet across registry, policy and clinic sources.",2026.07.18.1-L2
PHANTOM_VET,ADULT,Z-0276,PTR-0078-02,PTR-0078-03,PET,MEDIUM_HIGH,,"[""microchip"",""date_of_birth"",""owner_phone""]","[""name_format""]",[],CURATED_APPROXIMATION,ZINGG_ENTITY_RESOLUTION,false,"Likely same pet across registry, policy and clinic sources.",2026.07.18.1-L2
PHANTOM_VET,ADULT,Z-0277,PTR-0079-01,PTR-0079-02,PET,MEDIUM_HIGH,,"[""microchip"",""date_of_birth"",""owner_phone""]","[""name_format""]",[],CURATED_APPROXIMATION,ZINGG_ENTITY_RESOLUTION,false,"Likely same pet across registry, policy and clinic sources.",2026.07.18.1-L2
PHANTOM_VET,ADULT,Z-0278,PTR-0079-01,PTR-0079-03,PET,MEDIUM_HIGH,,"[""microchip"",""date_of_birth"",""owner_phone""]","[""name_format""]",[],CURATED_APPROXIMATION,ZINGG_ENTITY_RESOLUTION,false,"Likely same pet across registry, policy and clinic sources.",2026.07.18.1-L2
PHANTOM_VET,ADULT,Z-0279,PTR-0079-02,PTR-0079-03,PET,MEDIUM_HIGH,,"[""microchip"",""date_of_birth"",""owner_phone""]","[""name_format""]",[],CURATED_APPROXIMATION,ZINGG_ENTITY_RESOLUTION,false,"Likely same pet across registry, policy and clinic sources.",2026.07.18.1-L2
PHANTOM_VET,ADULT,Z-0280,PTR-0080-01,PTR-0080-02,PET,MEDIUM_HIGH,,"[""microchip"",""date_of_birth"",""owner_phone""]","[""name_format""]",[],CURATED_APPROXIMATION,ZINGG_ENTITY_RESOLUTION,false,"Likely same pet across registry, policy and clinic sources.",2026.07.18.1-L2
PHANTOM_VET,ADULT,Z-0281,PTR-0080-01,PTR-0080-03,PET,MEDIUM_HIGH,,"[""microchip"",""date_of_birth"",""owner_phone""]","[""name_format""]",[],CURATED_APPROXIMATION,ZINGG_ENTITY_RESOLUTION,false,"Likely same pet across registry, policy and clinic sources.",2026.07.18.1-L2
PHANTOM_VET,ADULT,Z-0282,PTR-0080-02,PTR-0080-03,PET,MEDIUM_HIGH,,"[""microchip"",""date_of_birth"",""owner_phone""]","[""name_format""]",[],CURATED_APPROXIMATION,ZINGG_ENTITY_RESOLUTION,false,"Likely same pet across registry, policy and clinic sources.",2026.07.18.1-L2
PHANTOM_VET,ADULT,Z-0283,PTR-0081-01,PTR-0081-02,PET,MEDIUM_HIGH,,"[""microchip"",""date_of_birth"",""owner_phone""]","[""name_format""]",[],CURATED_APPROXIMATION,ZINGG_ENTITY_RESOLUTION,false,"Likely same pet across registry, policy and clinic sources.",2026.07.18.1-L2
PHANTOM_VET,ADULT,Z-0284,PTR-0081-01,PTR-0081-03,PET,MEDIUM_HIGH,,"[""microchip"",""date_of_birth"",""owner_phone""]","[""name_format""]",[],CURATED_APPROXIMATION,ZINGG_ENTITY_RESOLUTION,false,"Likely same pet across registry, policy and clinic sources.",2026.07.18.1-L2
PHANTOM_VET,ADULT,Z-0285,PTR-0081-02,PTR-0081-03,PET,MEDIUM_HIGH,,"[""microchip"",""date_of_birth"",""owner_phone""]","[""name_format""]",[],CURATED_APPROXIMATION,ZINGG_ENTITY_RESOLUTION,false,"Likely same pet across registry, policy and clinic sources.",2026.07.18.1-L2
PHANTOM_VET,ADULT,Z-0286,PTR-0082-01,PTR-0082-02,PET,MEDIUM_HIGH,,"[""microchip"",""date_of_birth"",""owner_phone""]","[""name_format""]",[],CURATED_APPROXIMATION,ZINGG_ENTITY_RESOLUTION,false,"Likely same pet across registry, policy and clinic sources.",2026.07.18.1-L2
PHANTOM_VET,ADULT,Z-0287,PTR-0082-01,PTR-0082-03,PET,MEDIUM_HIGH,,"[""microchip"",""date_of_birth"",""owner_phone""]","[""name_format""]",[],CURATED_APPROXIMATION,ZINGG_ENTITY_RESOLUTION,false,"Likely same pet across registry, policy and clinic sources.",2026.07.18.1-L2
PHANTOM_VET,ADULT,Z-0288,PTR-0082-02,PTR-0082-03,PET,MEDIUM_HIGH,,"[""microchip"",""date_of_birth"",""owner_phone""]","[""name_format""]",[],CURATED_APPROXIMATION,ZINGG_ENTITY_RESOLUTION,false,"Likely same pet across registry, policy and clinic sources.",2026.07.18.1-L2
PHANTOM_VET,ADULT,Z-0289,PTR-0083-01,PTR-0083-02,PET,MEDIUM_HIGH,,"[""microchip"",""date_of_birth"",""owner_phone""]","[""name_format""]",[],CURATED_APPROXIMATION,ZINGG_ENTITY_RESOLUTION,false,"Likely same pet across registry, policy and clinic sources.",2026.07.18.1-L2
PHANTOM_VET,ADULT,Z-0290,PTR-0083-01,PTR-0083-03,PET,MEDIUM_HIGH,,"[""microchip"",""date_of_birth"",""owner_phone""]","[""name_format""]",[],CURATED_APPROXIMATION,ZINGG_ENTITY_RESOLUTION,false,"Likely same pet across registry, policy and clinic sources.",2026.07.18.1-L2
PHANTOM_VET,ADULT,Z-0291,PTR-0083-02,PTR-0083-03,PET,MEDIUM_HIGH,,"[""microchip"",""date_of_birth"",""owner_phone""]","[""name_format""]",[],CURATED_APPROXIMATION,ZINGG_ENTITY_RESOLUTION,false,"Likely same pet across registry, policy and clinic sources.",2026.07.18.1-L2
PHANTOM_VET,ADULT,Z-0292,PTR-0084-01,PTR-0084-02,PET,MEDIUM_HIGH,,"[""microchip"",""date_of_birth"",""owner_phone""]","[""name_format""]",[],CURATED_APPROXIMATION,ZINGG_ENTITY_RESOLUTION,false,"Likely same pet across registry, policy and clinic sources.",2026.07.18.1-L2
PHANTOM_VET,ADULT,Z-0293,PTR-0084-01,PTR-0084-03,PET,MEDIUM_HIGH,,"[""microchip"",""date_of_birth"",""owner_phone""]","[""name_format""]",[],CURATED_APPROXIMATION,ZINGG_ENTITY_RESOLUTION,false,"Likely same pet across registry, policy and clinic sources.",2026.07.18.1-L2
PHANTOM_VET,ADULT,Z-0294,PTR-0084-02,PTR-0084-03,PET,MEDIUM_HIGH,,"[""microchip"",""date_of_birth"",""owner_phone""]","[""name_format""]",[],CURATED_APPROXIMATION,ZINGG_ENTITY_RESOLUTION,false,"Likely same pet across registry, policy and clinic sources.",2026.07.18.1-L2
PHANTOM_VET,ADULT,Z-0295,PTR-0085-01,PTR-0085-02,PET,MEDIUM_HIGH,,"[""microchip"",""date_of_birth"",""owner_phone""]","[""name_format""]",[],CURATED_APPROXIMATION,ZINGG_ENTITY_RESOLUTION,false,"Likely same pet across registry, policy and clinic sources.",2026.07.18.1-L2
PHANTOM_VET,ADULT,Z-0296,PTR-0085-01,PTR-0085-03,PET,MEDIUM_HIGH,,"[""microchip"",""date_of_birth"",""owner_phone""]","[""name_format""]",[],CURATED_APPROXIMATION,ZINGG_ENTITY_RESOLUTION,false,"Likely same pet across registry, policy and clinic sources.",2026.07.18.1-L2
PHANTOM_VET,ADULT,Z-0297,PTR-0085-02,PTR-0085-03,PET,MEDIUM_HIGH,,"[""microchip"",""date_of_birth"",""owner_phone""]","[""name_format""]",[],CURATED_APPROXIMATION,ZINGG_ENTITY_RESOLUTION,false,"Likely same pet across registry, policy and clinic sources.",2026.07.18.1-L2
PHANTOM_VET,ADULT,Z-0298,PTR-0086-01,PTR-0086-02,PET,MEDIUM_HIGH,,"[""microchip"",""date_of_birth"",""owner_phone""]","[""name_format""]",[],CURATED_APPROXIMATION,ZINGG_ENTITY_RESOLUTION,false,"Likely same pet across registry, policy and clinic sources.",2026.07.18.1-L2
PHANTOM_VET,ADULT,Z-0299,PTR-0086-01,PTR-0086-03,PET,MEDIUM_HIGH,,"[""microchip"",""date_of_birth"",""owner_phone""]","[""name_format""]",[],CURATED_APPROXIMATION,ZINGG_ENTITY_RESOLUTION,false,"Likely same pet across registry, policy and clinic sources.",2026.07.18.1-L2
PHANTOM_VET,ADULT,Z-0300,PTR-0086-02,PTR-0086-03,PET,MEDIUM_HIGH,,"[""microchip"",""date_of_birth"",""owner_phone""]","[""name_format""]",[],CURATED_APPROXIMATION,ZINGG_ENTITY_RESOLUTION,false,"Likely same pet across registry, policy and clinic sources.",2026.07.18.1-L2
PHANTOM_VET,ADULT,Z-0301,PTR-0087-01,PTR-0087-02,PET,MEDIUM_HIGH,,"[""microchip"",""date_of_birth"",""owner_phone""]","[""name_format""]",[],CURATED_APPROXIMATION,ZINGG_ENTITY_RESOLUTION,false,"Likely same pet across registry, policy and clinic sources.",2026.07.18.1-L2
PHANTOM_VET,ADULT,Z-0302,PTR-0087-01,PTR-0087-03,PET,MEDIUM_HIGH,,"[""microchip"",""date_of_birth"",""owner_phone""]","[""name_format""]",[],CURATED_APPROXIMATION,ZINGG_ENTITY_RESOLUTION,false,"Likely same pet across registry, policy and clinic sources.",2026.07.18.1-L2
PHANTOM_VET,ADULT,Z-0303,PTR-0087-02,PTR-0087-03,PET,MEDIUM_HIGH,,"[""microchip"",""date_of_birth"",""owner_phone""]","[""name_format""]",[],CURATED_APPROXIMATION,ZINGG_ENTITY_RESOLUTION,false,"Likely same pet across registry, policy and clinic sources.",2026.07.18.1-L2
PHANTOM_VET,ADULT,Z-0304,PTR-0088-01,PTR-0088-02,PET,MEDIUM_HIGH,,"[""microchip"",""date_of_birth"",""owner_phone""]","[""name_format""]",[],CURATED_APPROXIMATION,ZINGG_ENTITY_RESOLUTION,false,"Likely same pet across registry, policy and clinic sources.",2026.07.18.1-L2
PHANTOM_VET,ADULT,Z-0305,PTR-0088-01,PTR-0088-03,PET,MEDIUM_HIGH,,"[""microchip"",""date_of_birth"",""owner_phone""]","[""name_format""]",[],CURATED_APPROXIMATION,ZINGG_ENTITY_RESOLUTION,false,"Likely same pet across registry, policy and clinic sources.",2026.07.18.1-L2
PHANTOM_VET,ADULT,Z-0306,PTR-0088-02,PTR-0088-03,PET,MEDIUM_HIGH,,"[""microchip"",""date_of_birth"",""owner_phone""]","[""name_format""]",[],CURATED_APPROXIMATION,ZINGG_ENTITY_RESOLUTION,false,"Likely same pet across registry, policy and clinic sources.",2026.07.18.1-L2
PHANTOM_VET,ADULT,Z-0307,PTR-0089-01,PTR-0089-02,PET,MEDIUM_HIGH,,"[""microchip"",""date_of_birth"",""owner_phone""]","[""name_format""]",[],CURATED_APPROXIMATION,ZINGG_ENTITY_RESOLUTION,false,"Likely same pet across registry, policy and clinic sources.",2026.07.18.1-L2
PHANTOM_VET,ADULT,Z-0308,PTR-0089-01,PTR-0089-03,PET,MEDIUM_HIGH,,"[""microchip"",""date_of_birth"",""owner_phone""]","[""name_format""]",[],CURATED_APPROXIMATION,ZINGG_ENTITY_RESOLUTION,false,"Likely same pet across registry, policy and clinic sources.",2026.07.18.1-L2
PHANTOM_VET,ADULT,Z-0309,PTR-0089-02,PTR-0089-03,PET,MEDIUM_HIGH,,"[""microchip"",""date_of_birth"",""owner_phone""]","[""name_format""]",[],CURATED_APPROXIMATION,ZINGG_ENTITY_RESOLUTION,false,"Likely same pet across registry, policy and clinic sources.",2026.07.18.1-L2
PHANTOM_VET,ADULT,Z-0310,PTR-0090-01,PTR-0090-02,PET,MEDIUM_HIGH,,"[""microchip"",""date_of_birth"",""owner_phone""]","[""name_format""]",[],CURATED_APPROXIMATION,ZINGG_ENTITY_RESOLUTION,false,"Likely same pet across registry, policy and clinic sources.",2026.07.18.1-L2
PHANTOM_VET,ADULT,Z-0311,PTR-0090-01,PTR-0090-03,PET,MEDIUM_HIGH,,"[""microchip"",""date_of_birth"",""owner_phone""]","[""name_format""]",[],CURATED_APPROXIMATION,ZINGG_ENTITY_RESOLUTION,false,"Likely same pet across registry, policy and clinic sources.",2026.07.18.1-L2
PHANTOM_VET,ADULT,Z-0312,PTR-0090-02,PTR-0090-03,PET,MEDIUM_HIGH,,"[""microchip"",""date_of_birth"",""owner_phone""]","[""name_format""]",[],CURATED_APPROXIMATION,ZINGG_ENTITY_RESOLUTION,false,"Likely same pet across registry, policy and clinic sources.",2026.07.18.1-L2
PHANTOM_VET,ADULT,Z-0313,PTR-0091-01,PTR-0091-02,PET,MEDIUM_HIGH,,"[""microchip"",""date_of_birth"",""owner_phone""]","[""name_format""]",[],CURATED_APPROXIMATION,ZINGG_ENTITY_RESOLUTION,false,"Likely same pet across registry, policy and clinic sources.",2026.07.18.1-L2
PHANTOM_VET,ADULT,Z-0314,PTR-0091-01,PTR-0091-03,PET,MEDIUM_HIGH,,"[""microchip"",""date_of_birth"",""owner_phone""]","[""name_format""]",[],CURATED_APPROXIMATION,ZINGG_ENTITY_RESOLUTION,false,"Likely same pet across registry, policy and clinic sources.",2026.07.18.1-L2
PHANTOM_VET,ADULT,Z-0315,PTR-0091-02,PTR-0091-03,PET,MEDIUM_HIGH,,"[""microchip"",""date_of_birth"",""owner_phone""]","[""name_format""]",[],CURATED_APPROXIMATION,ZINGG_ENTITY_RESOLUTION,false,"Likely same pet across registry, policy and clinic sources.",2026.07.18.1-L2
PHANTOM_VET,ADULT,Z-0316,PTR-0092-01,PTR-0092-02,PET,MEDIUM_HIGH,,"[""microchip"",""date_of_birth"",""owner_phone""]","[""name_format""]",[],CURATED_APPROXIMATION,ZINGG_ENTITY_RESOLUTION,false,"Likely same pet across registry, policy and clinic sources.",2026.07.18.1-L2
PHANTOM_VET,ADULT,Z-0317,PTR-0092-01,PTR-0092-03,PET,MEDIUM_HIGH,,"[""microchip"",""date_of_birth"",""owner_phone""]","[""name_format""]",[],CURATED_APPROXIMATION,ZINGG_ENTITY_RESOLUTION,false,"Likely same pet across registry, policy and clinic sources.",2026.07.18.1-L2
PHANTOM_VET,ADULT,Z-0318,PTR-0092-02,PTR-0092-03,PET,MEDIUM_HIGH,,"[""microchip"",""date_of_birth"",""owner_phone""]","[""name_format""]",[],CURATED_APPROXIMATION,ZINGG_ENTITY_RESOLUTION,false,"Likely same pet across registry, policy and clinic sources.",2026.07.18.1-L2
PHANTOM_VET,ADULT,Z-0319,PTR-0093-01,PTR-0093-02,PET,MEDIUM_HIGH,,"[""microchip"",""date_of_birth"",""owner_phone""]","[""name_format""]",[],CURATED_APPROXIMATION,ZINGG_ENTITY_RESOLUTION,false,"Likely same pet across registry, policy and clinic sources.",2026.07.18.1-L2
PHANTOM_VET,ADULT,Z-0320,PTR-0093-01,PTR-0093-03,PET,MEDIUM_HIGH,,"[""microchip"",""date_of_birth"",""owner_phone""]","[""name_format""]",[],CURATED_APPROXIMATION,ZINGG_ENTITY_RESOLUTION,false,"Likely same pet across registry, policy and clinic sources.",2026.07.18.1-L2
PHANTOM_VET,ADULT,Z-0321,PTR-0093-02,PTR-0093-03,PET,MEDIUM_HIGH,,"[""microchip"",""date_of_birth"",""owner_phone""]","[""name_format""]",[],CURATED_APPROXIMATION,ZINGG_ENTITY_RESOLUTION,false,"Likely same pet across registry, policy and clinic sources.",2026.07.18.1-L2
PHANTOM_VET,ADULT,Z-0322,PTR-0094-01,PTR-0094-02,PET,MEDIUM_HIGH,,"[""microchip"",""date_of_birth"",""owner_phone""]","[""name_format""]",[],CURATED_APPROXIMATION,ZINGG_ENTITY_RESOLUTION,false,"Likely same pet across registry, policy and clinic sources.",2026.07.18.1-L2
PHANTOM_VET,ADULT,Z-0323,PTR-0094-01,PTR-0094-03,PET,MEDIUM_HIGH,,"[""microchip"",""date_of_birth"",""owner_phone""]","[""name_format""]",[],CURATED_APPROXIMATION,ZINGG_ENTITY_RESOLUTION,false,"Likely same pet across registry, policy and clinic sources.",2026.07.18.1-L2
PHANTOM_VET,ADULT,Z-0324,PTR-0094-02,PTR-0094-03,PET,MEDIUM_HIGH,,"[""microchip"",""date_of_birth"",""owner_phone""]","[""name_format""]",[],CURATED_APPROXIMATION,ZINGG_ENTITY_RESOLUTION,false,"Likely same pet across registry, policy and clinic sources.",2026.07.18.1-L2
PHANTOM_VET,ADULT,Z-0325,PTR-0095-01,PTR-0095-02,PET,MEDIUM_HIGH,,"[""microchip"",""date_of_birth"",""owner_phone""]","[""name_format""]",[],CURATED_APPROXIMATION,ZINGG_ENTITY_RESOLUTION,false,"Likely same pet across registry, policy and clinic sources.",2026.07.18.1-L2
PHANTOM_VET,ADULT,Z-0326,PTR-0095-01,PTR-0095-03,PET,MEDIUM_HIGH,,"[""microchip"",""date_of_birth"",""owner_phone""]","[""name_format""]",[],CURATED_APPROXIMATION,ZINGG_ENTITY_RESOLUTION,false,"Likely same pet across registry, policy and clinic sources.",2026.07.18.1-L2
PHANTOM_VET,ADULT,Z-0327,PTR-0095-02,PTR-0095-03,PET,MEDIUM_HIGH,,"[""microchip"",""date_of_birth"",""owner_phone""]","[""name_format""]",[],CURATED_APPROXIMATION,ZINGG_ENTITY_RESOLUTION,false,"Likely same pet across registry, policy and clinic sources.",2026.07.18.1-L2
PHANTOM_VET,ADULT,Z-0328,PTR-0096-01,PTR-0096-02,PET,MEDIUM_HIGH,,"[""microchip"",""date_of_birth"",""owner_phone""]","[""name_format""]",[],CURATED_APPROXIMATION,ZINGG_ENTITY_RESOLUTION,false,"Likely same pet across registry, policy and clinic sources.",2026.07.18.1-L2
PHANTOM_VET,ADULT,Z-0329,PTR-0096-01,PTR-0096-03,PET,MEDIUM_HIGH,,"[""microchip"",""date_of_birth"",""owner_phone""]","[""name_format""]",[],CURATED_APPROXIMATION,ZINGG_ENTITY_RESOLUTION,false,"Likely same pet across registry, policy and clinic sources.",2026.07.18.1-L2
PHANTOM_VET,ADULT,Z-0330,PTR-0096-02,PTR-0096-03,PET,MEDIUM_HIGH,,"[""microchip"",""date_of_birth"",""owner_phone""]","[""name_format""]",[],CURATED_APPROXIMATION,ZINGG_ENTITY_RESOLUTION,false,"Likely same pet across registry, policy and clinic sources.",2026.07.18.1-L2
PHANTOM_VET,ADULT,Z-0331,PTR-0097-01,PTR-0097-02,PET,MEDIUM_HIGH,,"[""microchip"",""date_of_birth"",""owner_phone""]","[""name_format""]",[],CURATED_APPROXIMATION,ZINGG_ENTITY_RESOLUTION,false,"Likely same pet across registry, policy and clinic sources.",2026.07.18.1-L2
PHANTOM_VET,ADULT,Z-0332,PTR-0097-01,PTR-0097-03,PET,MEDIUM_HIGH,,"[""microchip"",""date_of_birth"",""owner_phone""]","[""name_format""]",[],CURATED_APPROXIMATION,ZINGG_ENTITY_RESOLUTION,false,"Likely same pet across registry, policy and clinic sources.",2026.07.18.1-L2
PHANTOM_VET,ADULT,Z-0333,PTR-0097-02,PTR-0097-03,PET,MEDIUM_HIGH,,"[""microchip"",""date_of_birth"",""owner_phone""]","[""name_format""]",[],CURATED_APPROXIMATION,ZINGG_ENTITY_RESOLUTION,false,"Likely same pet across registry, policy and clinic sources.",2026.07.18.1-L2
PHANTOM_VET,ADULT,Z-0334,PTR-0098-01,PTR-0098-02,PET,MEDIUM_HIGH,,"[""microchip"",""date_of_birth"",""owner_phone""]","[""name_format""]",[],CURATED_APPROXIMATION,ZINGG_ENTITY_RESOLUTION,false,"Likely same pet across registry, policy and clinic sources.",2026.07.18.1-L2
PHANTOM_VET,ADULT,Z-0335,PTR-0098-01,PTR-0098-03,PET,MEDIUM_HIGH,,"[""microchip"",""date_of_birth"",""owner_phone""]","[""name_format""]",[],CURATED_APPROXIMATION,ZINGG_ENTITY_RESOLUTION,false,"Likely same pet across registry, policy and clinic sources.",2026.07.18.1-L2
PHANTOM_VET,ADULT,Z-0336,PTR-0098-02,PTR-0098-03,PET,MEDIUM_HIGH,,"[""microchip"",""date_of_birth"",""owner_phone""]","[""name_format""]",[],CURATED_APPROXIMATION,ZINGG_ENTITY_RESOLUTION,false,"Likely same pet across registry, policy and clinic sources.",2026.07.18.1-L2
PHANTOM_VET,ADULT,Z-0337,PTR-0099-01,PTR-0099-02,PET,MEDIUM_HIGH,,"[""microchip"",""date_of_birth"",""owner_phone""]","[""name_format""]",[],CURATED_APPROXIMATION,ZINGG_ENTITY_RESOLUTION,false,"Likely same pet across registry, policy and clinic sources.",2026.07.18.1-L2
PHANTOM_VET,ADULT,Z-0338,PTR-0099-01,PTR-0099-03,PET,MEDIUM_HIGH,,"[""microchip"",""date_of_birth"",""owner_phone""]","[""name_format""]",[],CURATED_APPROXIMATION,ZINGG_ENTITY_RESOLUTION,false,"Likely same pet across registry, policy and clinic sources.",2026.07.18.1-L2
PHANTOM_VET,ADULT,Z-0339,PTR-0099-02,PTR-0099-03,PET,MEDIUM_HIGH,,"[""microchip"",""date_of_birth"",""owner_phone""]","[""name_format""]",[],CURATED_APPROXIMATION,ZINGG_ENTITY_RESOLUTION,false,"Likely same pet across registry, policy and clinic sources.",2026.07.18.1-L2
PHANTOM_VET,ADULT,Z-0340,PTR-0100-01,PTR-0100-02,PET,MEDIUM_HIGH,,"[""microchip"",""date_of_birth"",""owner_phone""]","[""name_format""]",[],CURATED_APPROXIMATION,ZINGG_ENTITY_RESOLUTION,false,"Likely same pet across registry, policy and clinic sources.",2026.07.18.1-L2
PHANTOM_VET,ADULT,Z-0341,PTR-0100-01,PTR-0100-03,PET,MEDIUM_HIGH,,"[""microchip"",""date_of_birth"",""owner_phone""]","[""name_format""]",[],CURATED_APPROXIMATION,ZINGG_ENTITY_RESOLUTION,false,"Likely same pet across registry, policy and clinic sources.",2026.07.18.1-L2
PHANTOM_VET,ADULT,Z-0342,PTR-0100-02,PTR-0100-03,PET,MEDIUM_HIGH,,"[""microchip"",""date_of_birth"",""owner_phone""]","[""name_format""]",[],CURATED_APPROXIMATION,ZINGG_ENTITY_RESOLUTION,false,"Likely same pet across registry, policy and clinic sources.",2026.07.18.1-L2
PHANTOM_VET,ADULT,Z-0343,PTR-0101-01,PTR-0101-02,PET,MEDIUM_HIGH,,"[""microchip"",""date_of_birth"",""owner_phone""]","[""name_format""]",[],CURATED_APPROXIMATION,ZINGG_ENTITY_RESOLUTION,false,"Likely same pet across registry, policy and clinic sources.",2026.07.18.1-L2
PHANTOM_VET,ADULT,Z-0344,PTR-0101-01,PTR-0101-03,PET,MEDIUM_HIGH,,"[""microchip"",""date_of_birth"",""owner_phone""]","[""name_format""]",[],CURATED_APPROXIMATION,ZINGG_ENTITY_RESOLUTION,false,"Likely same pet across registry, policy and clinic sources.",2026.07.18.1-L2
PHANTOM_VET,ADULT,Z-0345,PTR-0101-02,PTR-0101-03,PET,MEDIUM_HIGH,,"[""microchip"",""date_of_birth"",""owner_phone""]","[""name_format""]",[],CURATED_APPROXIMATION,ZINGG_ENTITY_RESOLUTION,false,"Likely same pet across registry, policy and clinic sources.",2026.07.18.1-L2
PHANTOM_VET,ADULT,Z-0346,PTR-0102-01,PTR-0102-02,PET,MEDIUM_HIGH,,"[""microchip"",""date_of_birth"",""owner_phone""]","[""name_format""]",[],CURATED_APPROXIMATION,ZINGG_ENTITY_RESOLUTION,false,"Likely same pet across registry, policy and clinic sources.",2026.07.18.1-L2
PHANTOM_VET,ADULT,Z-0347,PTR-0102-01,PTR-0102-03,PET,MEDIUM_HIGH,,"[""microchip"",""date_of_birth"",""owner_phone""]","[""name_format""]",[],CURATED_APPROXIMATION,ZINGG_ENTITY_RESOLUTION,false,"Likely same pet across registry, policy and clinic sources.",2026.07.18.1-L2
PHANTOM_VET,ADULT,Z-0348,PTR-0102-02,PTR-0102-03,PET,MEDIUM_HIGH,,"[""microchip"",""date_of_birth"",""owner_phone""]","[""name_format""]",[],CURATED_APPROXIMATION,ZINGG_ENTITY_RESOLUTION,false,"Likely same pet across registry, policy and clinic sources.",2026.07.18.1-L2
PHANTOM_VET,ADULT,Z-0349,PTR-0103-01,PTR-0103-02,PET,MEDIUM_HIGH,,"[""microchip"",""date_of_birth"",""owner_phone""]","[""name_format""]",[],CURATED_APPROXIMATION,ZINGG_ENTITY_RESOLUTION,false,"Likely same pet across registry, policy and clinic sources.",2026.07.18.1-L2
PHANTOM_VET,ADULT,Z-0350,PTR-0103-01,PTR-0103-03,PET,MEDIUM_HIGH,,"[""microchip"",""date_of_birth"",""owner_phone""]","[""name_format""]",[],CURATED_APPROXIMATION,ZINGG_ENTITY_RESOLUTION,false,"Likely same pet across registry, policy and clinic sources.",2026.07.18.1-L2
PHANTOM_VET,ADULT,Z-0351,PTR-0103-02,PTR-0103-03,PET,MEDIUM_HIGH,,"[""microchip"",""date_of_birth"",""owner_phone""]","[""name_format""]",[],CURATED_APPROXIMATION,ZINGG_ENTITY_RESOLUTION,false,"Likely same pet across registry, policy and clinic sources.",2026.07.18.1-L2
PHANTOM_VET,ADULT,Z-0352,PTR-0104-01,PTR-0104-02,PET,MEDIUM_HIGH,,"[""microchip"",""date_of_birth"",""owner_phone""]","[""name_format""]",[],CURATED_APPROXIMATION,ZINGG_ENTITY_RESOLUTION,false,"Likely same pet across registry, policy and clinic sources.",2026.07.18.1-L2
PHANTOM_VET,ADULT,Z-0353,PTR-0104-01,PTR-0104-03,PET,MEDIUM_HIGH,,"[""microchip"",""date_of_birth"",""owner_phone""]","[""name_format""]",[],CURATED_APPROXIMATION,ZINGG_ENTITY_RESOLUTION,false,"Likely same pet across registry, policy and clinic sources.",2026.07.18.1-L2
PHANTOM_VET,ADULT,Z-0354,PTR-0104-02,PTR-0104-03,PET,MEDIUM_HIGH,,"[""microchip"",""date_of_birth"",""owner_phone""]","[""name_format""]",[],CURATED_APPROXIMATION,ZINGG_ENTITY_RESOLUTION,false,"Likely same pet across registry, policy and clinic sources.",2026.07.18.1-L2
PHANTOM_VET,ADULT,Z-0355,PTR-0105-01,PTR-0105-02,PET,MEDIUM_HIGH,,"[""microchip"",""date_of_birth"",""owner_phone""]","[""name_format""]",[],CURATED_APPROXIMATION,ZINGG_ENTITY_RESOLUTION,false,"Likely same pet across registry, policy and clinic sources.",2026.07.18.1-L2
PHANTOM_VET,ADULT,Z-0356,PTR-0105-01,PTR-0105-03,PET,MEDIUM_HIGH,,"[""microchip"",""date_of_birth"",""owner_phone""]","[""name_format""]",[],CURATED_APPROXIMATION,ZINGG_ENTITY_RESOLUTION,false,"Likely same pet across registry, policy and clinic sources.",2026.07.18.1-L2
PHANTOM_VET,ADULT,Z-0357,PTR-0105-02,PTR-0105-03,PET,MEDIUM_HIGH,,"[""microchip"",""date_of_birth"",""owner_phone""]","[""name_format""]",[],CURATED_APPROXIMATION,ZINGG_ENTITY_RESOLUTION,false,"Likely same pet across registry, policy and clinic sources.",2026.07.18.1-L2
PHANTOM_VET,ADULT,Z-0358,PTR-0106-01,PTR-0106-02,PET,MEDIUM_HIGH,,"[""microchip"",""date_of_birth"",""owner_phone""]","[""name_format""]",[],CURATED_APPROXIMATION,ZINGG_ENTITY_RESOLUTION,false,"Likely same pet across registry, policy and clinic sources.",2026.07.18.1-L2
PHANTOM_VET,ADULT,Z-0359,PTR-0106-01,PTR-0106-03,PET,MEDIUM_HIGH,,"[""microchip"",""date_of_birth"",""owner_phone""]","[""name_format""]",[],CURATED_APPROXIMATION,ZINGG_ENTITY_RESOLUTION,false,"Likely same pet across registry, policy and clinic sources.",2026.07.18.1-L2
PHANTOM_VET,ADULT,Z-0360,PTR-0106-02,PTR-0106-03,PET,MEDIUM_HIGH,,"[""microchip"",""date_of_birth"",""owner_phone""]","[""name_format""]",[],CURATED_APPROXIMATION,ZINGG_ENTITY_RESOLUTION,false,"Likely same pet across registry, policy and clinic sources.",2026.07.18.1-L2
PHANTOM_VET,ADULT,Z-0361,PTR-0107-01,PTR-0107-02,PET,MEDIUM_HIGH,,"[""microchip"",""date_of_birth"",""owner_phone""]","[""name_format""]",[],CURATED_APPROXIMATION,ZINGG_ENTITY_RESOLUTION,false,"Likely same pet across registry, policy and clinic sources.",2026.07.18.1-L2
PHANTOM_VET,ADULT,Z-0362,PTR-0107-01,PTR-0107-03,PET,MEDIUM_HIGH,,"[""microchip"",""date_of_birth"",""owner_phone""]","[""name_format""]",[],CURATED_APPROXIMATION,ZINGG_ENTITY_RESOLUTION,false,"Likely same pet across registry, policy and clinic sources.",2026.07.18.1-L2
PHANTOM_VET,ADULT,Z-0363,PTR-0107-02,PTR-0107-03,PET,MEDIUM_HIGH,,"[""microchip"",""date_of_birth"",""owner_phone""]","[""name_format""]",[],CURATED_APPROXIMATION,ZINGG_ENTITY_RESOLUTION,false,"Likely same pet across registry, policy and clinic sources.",2026.07.18.1-L2
PHANTOM_VET,ADULT,Z-0364,PTR-0108-01,PTR-0108-02,PET,MEDIUM_HIGH,,"[""microchip"",""date_of_birth"",""owner_phone""]","[""name_format""]",[],CURATED_APPROXIMATION,ZINGG_ENTITY_RESOLUTION,false,"Likely same pet across registry, policy and clinic sources.",2026.07.18.1-L2
PHANTOM_VET,ADULT,Z-0365,PTR-0108-01,PTR-0108-03,PET,MEDIUM_HIGH,,"[""microchip"",""date_of_birth"",""owner_phone""]","[""name_format""]",[],CURATED_APPROXIMATION,ZINGG_ENTITY_RESOLUTION,false,"Likely same pet across registry, policy and clinic sources.",2026.07.18.1-L2
PHANTOM_VET,ADULT,Z-0366,PTR-0108-02,PTR-0108-03,PET,MEDIUM_HIGH,,"[""microchip"",""date_of_birth"",""owner_phone""]","[""name_format""]",[],CURATED_APPROXIMATION,ZINGG_ENTITY_RESOLUTION,false,"Likely same pet across registry, policy and clinic sources.",2026.07.18.1-L2
PHANTOM_VET,ADULT,Z-0367,PTR-0109-01,PTR-0109-02,PET,MEDIUM_HIGH,,"[""microchip"",""date_of_birth"",""owner_phone""]","[""name_format""]",[],CURATED_APPROXIMATION,ZINGG_ENTITY_RESOLUTION,false,"Likely same pet across registry, policy and clinic sources.",2026.07.18.1-L2
PHANTOM_VET,ADULT,Z-0368,PTR-0109-01,PTR-0109-03,PET,MEDIUM_HIGH,,"[""microchip"",""date_of_birth"",""owner_phone""]","[""name_format""]",[],CURATED_APPROXIMATION,ZINGG_ENTITY_RESOLUTION,false,"Likely same pet across registry, policy and clinic sources.",2026.07.18.1-L2
PHANTOM_VET,ADULT,Z-0369,PTR-0109-02,PTR-0109-03,PET,MEDIUM_HIGH,,"[""microchip"",""date_of_birth"",""owner_phone""]","[""name_format""]",[],CURATED_APPROXIMATION,ZINGG_ENTITY_RESOLUTION,false,"Likely same pet across registry, policy and clinic sources.",2026.07.18.1-L2
PHANTOM_VET,ADULT,Z-0370,PTR-0110-01,PTR-0110-02,PET,MEDIUM_HIGH,,"[""microchip"",""date_of_birth"",""owner_phone""]","[""name_format""]",[],CURATED_APPROXIMATION,ZINGG_ENTITY_RESOLUTION,false,"Likely same pet across registry, policy and clinic sources.",2026.07.18.1-L2
PHANTOM_VET,ADULT,Z-0371,PTR-0110-01,PTR-0110-03,PET,MEDIUM_HIGH,,"[""microchip"",""date_of_birth"",""owner_phone""]","[""name_format""]",[],CURATED_APPROXIMATION,ZINGG_ENTITY_RESOLUTION,false,"Likely same pet across registry, policy and clinic sources.",2026.07.18.1-L2
PHANTOM_VET,ADULT,Z-0372,PTR-0110-02,PTR-0110-03,PET,MEDIUM_HIGH,,"[""microchip"",""date_of_birth"",""owner_phone""]","[""name_format""]",[],CURATED_APPROXIMATION,ZINGG_ENTITY_RESOLUTION,false,"Likely same pet across registry, policy and clinic sources.",2026.07.18.1-L2
