case_id,profile_code,match_id,rule_id,relationship_type,left_record_id,right_record_id,exact_field,masked_exact_value,normalization_version,generation_mode,framework_semantics,actual_engine_run,ambiguity_warning,supporting_record_ids_json,snapshot_version
BONE_LEDGER,ADULT,GF-0001,GF-VENDOR-ACCOUNT,SAME_VENDOR_ACCOUNT,INV-0001,A-BRASS-8844,beneficiary_account_id,••••8844,norm-v1,CURATED_APPROXIMATION,GRAPHFRAMES_EXACT_MATCH,false,Exact account links invoice and vendor; control requires separate evidence.,"[""INV-0001""]",2026.07.18.1
BONE_LEDGER,ADULT,GF-0002,GF-VENDOR-ACCOUNT,SAME_VENDOR_ACCOUNT,INV-0002,A-LAR-6631,beneficiary_account_id,••••6631,norm-v1,CURATED_APPROXIMATION,GRAPHFRAMES_EXACT_MATCH,false,Exact account links invoice and vendor; control requires separate evidence.,"[""INV-0002""]",2026.07.18.1
BONE_LEDGER,ADULT,GF-0003,GF-VENDOR-ACCOUNT,SAME_VENDOR_ACCOUNT,INV-0004,A-BRASS-8844,beneficiary_account_id,••••8844,norm-v1,CURATED_APPROXIMATION,GRAPHFRAMES_EXACT_MATCH,false,Exact account links invoice and vendor; control requires separate evidence.,"[""INV-0004""]",2026.07.18.1
BONE_LEDGER,ADULT,GF-0004,GF-VENDOR-ACCOUNT,SAME_VENDOR_ACCOUNT,INV-0005,A-LAR-6631,beneficiary_account_id,••••6631,norm-v1,CURATED_APPROXIMATION,GRAPHFRAMES_EXACT_MATCH,false,Exact account links invoice and vendor; control requires separate evidence.,"[""INV-0005""]",2026.07.18.1
BONE_LEDGER,ADULT,GF-0005,GF-VENDOR-ACCOUNT,SAME_VENDOR_ACCOUNT,INV-0007,A-BRASS-8844,beneficiary_account_id,••••8844,norm-v1,CURATED_APPROXIMATION,GRAPHFRAMES_EXACT_MATCH,false,Exact account links invoice and vendor; control requires separate evidence.,"[""INV-0007""]",2026.07.18.1
BONE_LEDGER,ADULT,GF-0006,GF-VENDOR-ACCOUNT,SAME_VENDOR_ACCOUNT,INV-0008,A-LAR-6631,beneficiary_account_id,••••6631,norm-v1,CURATED_APPROXIMATION,GRAPHFRAMES_EXACT_MATCH,false,Exact account links invoice and vendor; control requires separate evidence.,"[""INV-0008""]",2026.07.18.1
BONE_LEDGER,ADULT,GF-0007,GF-VENDOR-ACCOUNT,SAME_VENDOR_ACCOUNT,INV-0010,A-BRASS-8844,beneficiary_account_id,••••8844,norm-v1,CURATED_APPROXIMATION,GRAPHFRAMES_EXACT_MATCH,false,Exact account links invoice and vendor; control requires separate evidence.,"[""INV-0010""]",2026.07.18.1
BONE_LEDGER,ADULT,GF-0008,GF-VENDOR-ACCOUNT,SAME_VENDOR_ACCOUNT,INV-0011,A-LAR-6631,beneficiary_account_id,••••6631,norm-v1,CURATED_APPROXIMATION,GRAPHFRAMES_EXACT_MATCH,false,Exact account links invoice and vendor; control requires separate evidence.,"[""INV-0011""]",2026.07.18.1
BONE_LEDGER,ADULT,GF-0009,GF-VENDOR-ACCOUNT,SAME_VENDOR_ACCOUNT,INV-0013,A-BRASS-8844,beneficiary_account_id,••••8844,norm-v1,CURATED_APPROXIMATION,GRAPHFRAMES_EXACT_MATCH,false,Exact account links invoice and vendor; control requires separate evidence.,"[""INV-0013""]",2026.07.18.1
BONE_LEDGER,ADULT,GF-0010,GF-VENDOR-ACCOUNT,SAME_VENDOR_ACCOUNT,INV-0014,A-LAR-6631,beneficiary_account_id,••••6631,norm-v1,CURATED_APPROXIMATION,GRAPHFRAMES_EXACT_MATCH,false,Exact account links invoice and vendor; control requires separate evidence.,"[""INV-0014""]",2026.07.18.1
BONE_LEDGER,ADULT,GF-0011,GF-VENDOR-ACCOUNT,SAME_VENDOR_ACCOUNT,INV-0016,A-BRASS-8844,beneficiary_account_id,••••8844,norm-v1,CURATED_APPROXIMATION,GRAPHFRAMES_EXACT_MATCH,false,Exact account links invoice and vendor; control requires separate evidence.,"[""INV-0016""]",2026.07.18.1
BONE_LEDGER,ADULT,GF-0012,GF-VENDOR-ACCOUNT,SAME_VENDOR_ACCOUNT,INV-0017,A-LAR-6631,beneficiary_account_id,••••6631,norm-v1,CURATED_APPROXIMATION,GRAPHFRAMES_EXACT_MATCH,false,Exact account links invoice and vendor; control requires separate evidence.,"[""INV-0017""]",2026.07.18.1
BONE_LEDGER,ADULT,GF-0013,GF-VENDOR-ACCOUNT,SAME_VENDOR_ACCOUNT,INV-0019,A-BRASS-8844,beneficiary_account_id,••••8844,norm-v1,CURATED_APPROXIMATION,GRAPHFRAMES_EXACT_MATCH,false,Exact account links invoice and vendor; control requires separate evidence.,"[""INV-0019""]",2026.07.18.1
BONE_LEDGER,ADULT,GF-0014,GF-VENDOR-ACCOUNT,SAME_VENDOR_ACCOUNT,INV-0020,A-LAR-6631,beneficiary_account_id,••••6631,norm-v1,CURATED_APPROXIMATION,GRAPHFRAMES_EXACT_MATCH,false,Exact account links invoice and vendor; control requires separate evidence.,"[""INV-0020""]",2026.07.18.1
BONE_LEDGER,ADULT,GF-0015,GF-VENDOR-ACCOUNT,SAME_VENDOR_ACCOUNT,INV-0022,A-BRASS-8844,beneficiary_account_id,••••8844,norm-v1,CURATED_APPROXIMATION,GRAPHFRAMES_EXACT_MATCH,false,Exact account links invoice and vendor; control requires separate evidence.,"[""INV-0022""]",2026.07.18.1
BONE_LEDGER,ADULT,GF-0016,GF-VENDOR-ACCOUNT,SAME_VENDOR_ACCOUNT,INV-0023,A-LAR-6631,beneficiary_account_id,••••6631,norm-v1,CURATED_APPROXIMATION,GRAPHFRAMES_EXACT_MATCH,false,Exact account links invoice and vendor; control requires separate evidence.,"[""INV-0023""]",2026.07.18.1
BONE_LEDGER,ADULT,GF-0017,GF-PERSONAL-ACCOUNT,SAME_PERSONAL_ACCOUNT,TX-DIV-001,A-CHESTER-9912,destination_account_id,••••9912,norm-v1,CURATED_APPROXIMATION,GRAPHFRAMES_EXACT_MATCH,false,Exact personal beneficiary supports diversion when combined with KYC and source-of-funds evidence.,"[""TX-DIV-001""]",2026.07.18.1
BONE_LEDGER,ADULT,GF-0018,GF-PERSONAL-ACCOUNT,SAME_PERSONAL_ACCOUNT,TX-DIV-002,A-MARVIN-4428,destination_account_id,••••4428,norm-v1,CURATED_APPROXIMATION,GRAPHFRAMES_EXACT_MATCH,false,Exact personal beneficiary supports diversion when combined with KYC and source-of-funds evidence.,"[""TX-DIV-002""]",2026.07.18.1
BONE_LEDGER,ADULT,GF-0019,GF-PERSONAL-ACCOUNT,SAME_PERSONAL_ACCOUNT,TX-DIV-004,A-CHESTER-9912,destination_account_id,••••9912,norm-v1,CURATED_APPROXIMATION,GRAPHFRAMES_EXACT_MATCH,false,Exact personal beneficiary supports diversion when combined with KYC and source-of-funds evidence.,"[""TX-DIV-004""]",2026.07.18.1
BONE_LEDGER,ADULT,GF-0020,GF-PERSONAL-ACCOUNT,SAME_PERSONAL_ACCOUNT,TX-DIV-005,A-MARVIN-4428,destination_account_id,••••4428,norm-v1,CURATED_APPROXIMATION,GRAPHFRAMES_EXACT_MATCH,false,Exact personal beneficiary supports diversion when combined with KYC and source-of-funds evidence.,"[""TX-DIV-005""]",2026.07.18.1
BONE_LEDGER,ADULT,GF-0021,GF-PERSONAL-ACCOUNT,SAME_PERSONAL_ACCOUNT,TX-DIV-007,A-CHESTER-9912,destination_account_id,••••9912,norm-v1,CURATED_APPROXIMATION,GRAPHFRAMES_EXACT_MATCH,false,Exact personal beneficiary supports diversion when combined with KYC and source-of-funds evidence.,"[""TX-DIV-007""]",2026.07.18.1
BONE_LEDGER,ADULT,GF-0022,GF-PERSONAL-ACCOUNT,SAME_PERSONAL_ACCOUNT,TX-DIV-008,A-MARVIN-4428,destination_account_id,••••4428,norm-v1,CURATED_APPROXIMATION,GRAPHFRAMES_EXACT_MATCH,false,Exact personal beneficiary supports diversion when combined with KYC and source-of-funds evidence.,"[""TX-DIV-008""]",2026.07.18.1
BONE_LEDGER,ADULT,GF-0023,GF-PERSONAL-ACCOUNT,SAME_PERSONAL_ACCOUNT,TX-DIV-010,A-CHESTER-9912,destination_account_id,••••9912,norm-v1,CURATED_APPROXIMATION,GRAPHFRAMES_EXACT_MATCH,false,Exact personal beneficiary supports diversion when combined with KYC and source-of-funds evidence.,"[""TX-DIV-010""]",2026.07.18.1
BONE_LEDGER,ADULT,GF-0024,GF-PERSONAL-ACCOUNT,SAME_PERSONAL_ACCOUNT,TX-DIV-011,A-MARVIN-4428,destination_account_id,••••4428,norm-v1,CURATED_APPROXIMATION,GRAPHFRAMES_EXACT_MATCH,false,Exact personal beneficiary supports diversion when combined with KYC and source-of-funds evidence.,"[""TX-DIV-011""]",2026.07.18.1
BONE_LEDGER,ADULT,GF-0025,GF-PERSONAL-ACCOUNT,SAME_PERSONAL_ACCOUNT,TX-DIV-013,A-CHESTER-9912,destination_account_id,••••9912,norm-v1,CURATED_APPROXIMATION,GRAPHFRAMES_EXACT_MATCH,false,Exact personal beneficiary supports diversion when combined with KYC and source-of-funds evidence.,"[""TX-DIV-013""]",2026.07.18.1
BONE_LEDGER,ADULT,GF-0026,GF-PERSONAL-ACCOUNT,SAME_PERSONAL_ACCOUNT,TX-DIV-014,A-MARVIN-4428,destination_account_id,••••4428,norm-v1,CURATED_APPROXIMATION,GRAPHFRAMES_EXACT_MATCH,false,Exact personal beneficiary supports diversion when combined with KYC and source-of-funds evidence.,"[""TX-DIV-014""]",2026.07.18.1
BONE_LEDGER,ADULT,GF-0027,GF-PERSONAL-ACCOUNT,SAME_PERSONAL_ACCOUNT,TX-DIV-016,A-CHESTER-9912,destination_account_id,••••9912,norm-v1,CURATED_APPROXIMATION,GRAPHFRAMES_EXACT_MATCH,false,Exact personal beneficiary supports diversion when combined with KYC and source-of-funds evidence.,"[""TX-DIV-016""]",2026.07.18.1
BONE_LEDGER,ADULT,GF-0028,GF-PERSONAL-ACCOUNT,SAME_PERSONAL_ACCOUNT,TX-DIV-017,A-MARVIN-4428,destination_account_id,••••4428,norm-v1,CURATED_APPROXIMATION,GRAPHFRAMES_EXACT_MATCH,false,Exact personal beneficiary supports diversion when combined with KYC and source-of-funds evidence.,"[""TX-DIV-017""]",2026.07.18.1
BONE_LEDGER,ADULT,GF-0029,GF-ADDRESS-01,SAME_REGISTERED_ADDRESS,OR-BBH-01,OR-HOLLOW-01,normalized_address,27 LEDGER HOUSE,norm-v1,CURATED_APPROXIMATION,GRAPHFRAMES_EXACT_MATCH,false,Shared premises supports association but is not proof of control.,"[""ADDR-LEDGER-27""]",2026.07.18.1
BONE_LEDGER,ADULT,GF-0030,GF-ADDRESS-01,SAME_REGISTERED_ADDRESS,OR-BBH-01,OR-BRASS-01,normalized_address,27 LEDGER HOUSE,norm-v1,CURATED_APPROXIMATION,GRAPHFRAMES_EXACT_MATCH,false,Shared premises supports association but is not proof of control.,"[""ADDR-LEDGER-27""]",2026.07.18.1
BONE_LEDGER,ADULT,GF-0031,GF-ADDRESS-01,SAME_REGISTERED_ADDRESS,OR-BBH-01,OR-LANTERN-ASSET-01,normalized_address,27 LEDGER HOUSE,norm-v1,CURATED_APPROXIMATION,GRAPHFRAMES_EXACT_MATCH,false,Shared premises supports association but is not proof of control.,"[""ADDR-LEDGER-27""]",2026.07.18.1
BONE_LEDGER,ADULT,GF-0032,GF-DEVICE-01,SAME_DEVICE,LOGIN-0001,LOGIN-0002,device_fingerprint,dev-close-19,norm-v1,CURATED_APPROXIMATION,GRAPHFRAMES_EXACT_MATCH,false,"Shared close workstation supports association, not automatic intent.","[""LOGIN-0001"",""LOGIN-0002""]",2026.07.18.1
BONE_LEDGER,ADULT,GF-0033,GF-DEVICE-01,SAME_DEVICE,LOGIN-0009,LOGIN-0010,device_fingerprint,dev-close-19,norm-v1,CURATED_APPROXIMATION,GRAPHFRAMES_EXACT_MATCH,false,"Shared close workstation supports association, not automatic intent.","[""LOGIN-0009"",""LOGIN-0010""]",2026.07.18.1
BONE_LEDGER,ADULT,GF-0034,GF-DEVICE-01,SAME_DEVICE,LOGIN-0017,LOGIN-0018,device_fingerprint,dev-close-19,norm-v1,CURATED_APPROXIMATION,GRAPHFRAMES_EXACT_MATCH,false,"Shared close workstation supports association, not automatic intent.","[""LOGIN-0017"",""LOGIN-0018""]",2026.07.18.1
BONE_LEDGER,ADULT,GF-0035,GF-DEVICE-01,SAME_DEVICE,LOGIN-0025,LOGIN-0026,device_fingerprint,dev-close-19,norm-v1,CURATED_APPROXIMATION,GRAPHFRAMES_EXACT_MATCH,false,"Shared close workstation supports association, not automatic intent.","[""LOGIN-0025"",""LOGIN-0026""]",2026.07.18.1
BONE_LEDGER,ADULT,GF-0036,GF-DEVICE-01,SAME_DEVICE,LOGIN-0033,LOGIN-0034,device_fingerprint,dev-close-19,norm-v1,CURATED_APPROXIMATION,GRAPHFRAMES_EXACT_MATCH,false,"Shared close workstation supports association, not automatic intent.","[""LOGIN-0033"",""LOGIN-0034""]",2026.07.18.1
BONE_LEDGER,ADULT,GF-0037,GF-DEVICE-01,SAME_DEVICE,LOGIN-0041,LOGIN-0042,device_fingerprint,dev-close-19,norm-v1,CURATED_APPROXIMATION,GRAPHFRAMES_EXACT_MATCH,false,"Shared close workstation supports association, not automatic intent.","[""LOGIN-0041"",""LOGIN-0042""]",2026.07.18.1
BONE_LEDGER,ADULT,GF-0038,GF-IP-01,SAME_OFFICE_IP,LOGIN-0009,LOGIN-0002,ip_address,198.51.100.63,norm-v1,CURATED_APPROXIMATION,GRAPHFRAMES_EXACT_MATCH,false,Shared office network is ordinary infrastructure and not guilt.,"[""LOGIN-0009"",""LOGIN-0002""]",2026.07.18.1
BONE_LEDGER,ADULT,GF-0039,GF-IP-01,SAME_OFFICE_IP,LOGIN-0009,LOGIN-0003,ip_address,198.51.100.63,norm-v1,CURATED_APPROXIMATION,GRAPHFRAMES_EXACT_MATCH,false,Shared office network is ordinary infrastructure and not guilt.,"[""LOGIN-0009"",""LOGIN-0003""]",2026.07.18.1
BONE_LEDGER,ADULT,GF-0040,GF-IP-01,SAME_OFFICE_IP,LOGIN-0009,LOGIN-0012,ip_address,198.51.100.63,norm-v1,CURATED_APPROXIMATION,GRAPHFRAMES_EXACT_MATCH,false,Shared office network is ordinary infrastructure and not guilt.,"[""LOGIN-0009"",""LOGIN-0012""]",2026.07.18.1
BONE_LEDGER,ADULT,GF-0041,GF-IP-01,SAME_OFFICE_IP,LOGIN-0002,LOGIN-0003,ip_address,198.51.100.63,norm-v1,CURATED_APPROXIMATION,GRAPHFRAMES_EXACT_MATCH,false,Shared office network is ordinary infrastructure and not guilt.,"[""LOGIN-0002"",""LOGIN-0003""]",2026.07.18.1
BONE_LEDGER,ADULT,GF-0042,GF-IP-01,SAME_OFFICE_IP,LOGIN-0002,LOGIN-0012,ip_address,198.51.100.63,norm-v1,CURATED_APPROXIMATION,GRAPHFRAMES_EXACT_MATCH,false,Shared office network is ordinary infrastructure and not guilt.,"[""LOGIN-0002"",""LOGIN-0012""]",2026.07.18.1
BONE_LEDGER,ADULT,GF-0043,GF-IP-01,SAME_OFFICE_IP,LOGIN-0003,LOGIN-0012,ip_address,198.51.100.63,norm-v1,CURATED_APPROXIMATION,GRAPHFRAMES_EXACT_MATCH,false,Shared office network is ordinary infrastructure and not guilt.,"[""LOGIN-0003"",""LOGIN-0012""]",2026.07.18.1
BONE_LEDGER,ADULT,GF-0044,GF-INVOICE-TEMPLATE,SAME_INVOICE_TEMPLATE,INV-0001,INV-0002,invoice_template_hash,tmpl-bcc-v3,norm-v1,CURATED_APPROXIMATION,GRAPHFRAMES_EXACT_MATCH,false,Common template can mean centralized production or shared software.,"[""INV-0001"",""INV-0002""]",2026.07.18.1
BONE_LEDGER,ADULT,GF-0045,GF-INVOICE-TEMPLATE,SAME_INVOICE_TEMPLATE,INV-0004,INV-0005,invoice_template_hash,tmpl-bcc-v3,norm-v1,CURATED_APPROXIMATION,GRAPHFRAMES_EXACT_MATCH,false,Common template can mean centralized production or shared software.,"[""INV-0004"",""INV-0005""]",2026.07.18.1
BONE_LEDGER,ADULT,GF-0046,GF-INVOICE-TEMPLATE,SAME_INVOICE_TEMPLATE,INV-0007,INV-0008,invoice_template_hash,tmpl-bcc-v3,norm-v1,CURATED_APPROXIMATION,GRAPHFRAMES_EXACT_MATCH,false,Common template can mean centralized production or shared software.,"[""INV-0007"",""INV-0008""]",2026.07.18.1
BONE_LEDGER,ADULT,GF-0047,GF-INVOICE-TEMPLATE,SAME_INVOICE_TEMPLATE,INV-0010,INV-0011,invoice_template_hash,tmpl-bcc-v3,norm-v1,CURATED_APPROXIMATION,GRAPHFRAMES_EXACT_MATCH,false,Common template can mean centralized production or shared software.,"[""INV-0010"",""INV-0011""]",2026.07.18.1
BONE_LEDGER,ADULT,GF-0048,GF-INVOICE-TEMPLATE,SAME_INVOICE_TEMPLATE,INV-0013,INV-0014,invoice_template_hash,tmpl-bcc-v3,norm-v1,CURATED_APPROXIMATION,GRAPHFRAMES_EXACT_MATCH,false,Common template can mean centralized production or shared software.,"[""INV-0013"",""INV-0014""]",2026.07.18.1
BONE_LEDGER,ADULT,GF-0049,GF-INVOICE-TEMPLATE,SAME_INVOICE_TEMPLATE,INV-0016,INV-0017,invoice_template_hash,tmpl-bcc-v3,norm-v1,CURATED_APPROXIMATION,GRAPHFRAMES_EXACT_MATCH,false,Common template can mean centralized production or shared software.,"[""INV-0016"",""INV-0017""]",2026.07.18.1
BONE_LEDGER,ADULT,GF-0050,GF-INVOICE-TEMPLATE,SAME_INVOICE_TEMPLATE,INV-0019,INV-0020,invoice_template_hash,tmpl-bcc-v3,norm-v1,CURATED_APPROXIMATION,GRAPHFRAMES_EXACT_MATCH,false,Common template can mean centralized production or shared software.,"[""INV-0019"",""INV-0020""]",2026.07.18.1
BONE_LEDGER,ADULT,GF-0051,GF-INVOICE-TEMPLATE,SAME_INVOICE_TEMPLATE,INV-0022,INV-0023,invoice_template_hash,tmpl-bcc-v3,norm-v1,CURATED_APPROXIMATION,GRAPHFRAMES_EXACT_MATCH,false,Common template can mean centralized production or shared software.,"[""INV-0022"",""INV-0023""]",2026.07.18.1
BONE_LEDGER,ADULT,GF-0052,GF-INVOICE-TEMPLATE,SAME_INVOICE_TEMPLATE,INV-0025,INV-0026,invoice_template_hash,tmpl-bcc-v3,norm-v1,CURATED_APPROXIMATION,GRAPHFRAMES_EXACT_MATCH,false,Common template can mean centralized production or shared software.,"[""INV-0025"",""INV-0026""]",2026.07.18.1
BONE_LEDGER,ADULT,GF-0053,GF-INVOICE-TEMPLATE,SAME_INVOICE_TEMPLATE,INV-0028,INV-0029,invoice_template_hash,tmpl-bcc-v3,norm-v1,CURATED_APPROXIMATION,GRAPHFRAMES_EXACT_MATCH,false,Common template can mean centralized production or shared software.,"[""INV-0028"",""INV-0029""]",2026.07.18.1
BONE_LEDGER,ADULT,GF-0054,GF-INVOICE-TEMPLATE,SAME_INVOICE_TEMPLATE,INV-0031,INV-0032,invoice_template_hash,tmpl-bcc-v3,norm-v1,CURATED_APPROXIMATION,GRAPHFRAMES_EXACT_MATCH,false,Common template can mean centralized production or shared software.,"[""INV-0031"",""INV-0032""]",2026.07.18.1
BONE_LEDGER,ADULT,GF-0055,GF-INVOICE-TEMPLATE,SAME_INVOICE_TEMPLATE,INV-0034,INV-0035,invoice_template_hash,tmpl-bcc-v3,norm-v1,CURATED_APPROXIMATION,GRAPHFRAMES_EXACT_MATCH,false,Common template can mean centralized production or shared software.,"[""INV-0034"",""INV-0035""]",2026.07.18.1
BONE_LEDGER,ADULT,GF-0056,GF-JOURNAL-BATCH,SAME_JOURNAL_BATCH,JE-0001,JE-0002,journal_batch_id,Q4-CLOSE-01,norm-v1,CURATED_APPROXIMATION,GRAPHFRAMES_EXACT_MATCH,false,Same close batch supports coordinated posting; inspect authorship and source documents.,"[""JE-0001"",""JE-0002""]",2026.07.18.1
BONE_LEDGER,ADULT,GF-0057,GF-JOURNAL-BATCH,SAME_JOURNAL_BATCH,JE-0003,JE-0004,journal_batch_id,Q4-CLOSE-01,norm-v1,CURATED_APPROXIMATION,GRAPHFRAMES_EXACT_MATCH,false,Same close batch supports coordinated posting; inspect authorship and source documents.,"[""JE-0003"",""JE-0004""]",2026.07.18.1
BONE_LEDGER,ADULT,GF-0058,GF-JOURNAL-BATCH,SAME_JOURNAL_BATCH,JE-0005,JE-0006,journal_batch_id,Q4-CLOSE-01,norm-v1,CURATED_APPROXIMATION,GRAPHFRAMES_EXACT_MATCH,false,Same close batch supports coordinated posting; inspect authorship and source documents.,"[""JE-0005"",""JE-0006""]",2026.07.18.1
BONE_LEDGER,ADULT,GF-0059,GF-JOURNAL-BATCH,SAME_JOURNAL_BATCH,JE-0007,JE-0008,journal_batch_id,Q4-CLOSE-01,norm-v1,CURATED_APPROXIMATION,GRAPHFRAMES_EXACT_MATCH,false,Same close batch supports coordinated posting; inspect authorship and source documents.,"[""JE-0007"",""JE-0008""]",2026.07.18.1
BONE_LEDGER,ADULT,GF-0060,GF-JOURNAL-BATCH,SAME_JOURNAL_BATCH,JE-0009,JE-0010,journal_batch_id,Q4-CLOSE-01,norm-v1,CURATED_APPROXIMATION,GRAPHFRAMES_EXACT_MATCH,false,Same close batch supports coordinated posting; inspect authorship and source documents.,"[""JE-0009"",""JE-0010""]",2026.07.18.1
BONE_LEDGER,ADULT,GF-0061,GF-JOURNAL-BATCH,SAME_JOURNAL_BATCH,JE-0011,JE-0012,journal_batch_id,Q4-CLOSE-02,norm-v1,CURATED_APPROXIMATION,GRAPHFRAMES_EXACT_MATCH,false,Same close batch supports coordinated posting; inspect authorship and source documents.,"[""JE-0011"",""JE-0012""]",2026.07.18.1
BONE_LEDGER,ADULT,GF-0062,GF-JOURNAL-BATCH,SAME_JOURNAL_BATCH,JE-0013,JE-0014,journal_batch_id,Q4-CLOSE-02,norm-v1,CURATED_APPROXIMATION,GRAPHFRAMES_EXACT_MATCH,false,Same close batch supports coordinated posting; inspect authorship and source documents.,"[""JE-0013"",""JE-0014""]",2026.07.18.1
BONE_LEDGER,ADULT,GF-0063,GF-JOURNAL-BATCH,SAME_JOURNAL_BATCH,JE-0015,JE-0016,journal_batch_id,Q4-CLOSE-02,norm-v1,CURATED_APPROXIMATION,GRAPHFRAMES_EXACT_MATCH,false,Same close batch supports coordinated posting; inspect authorship and source documents.,"[""JE-0015"",""JE-0016""]",2026.07.18.1
BONE_LEDGER,ADULT,GF-0064,GF-JOURNAL-BATCH,SAME_JOURNAL_BATCH,JE-0017,JE-0018,journal_batch_id,Q4-CLOSE-02,norm-v1,CURATED_APPROXIMATION,GRAPHFRAMES_EXACT_MATCH,false,Same close batch supports coordinated posting; inspect authorship and source documents.,"[""JE-0017"",""JE-0018""]",2026.07.18.1
BONE_LEDGER,ADULT,GF-0065,GF-JOURNAL-BATCH,SAME_JOURNAL_BATCH,JE-0019,JE-0020,journal_batch_id,Q4-CLOSE-02,norm-v1,CURATED_APPROXIMATION,GRAPHFRAMES_EXACT_MATCH,false,Same close batch supports coordinated posting; inspect authorship and source documents.,"[""JE-0019"",""JE-0020""]",2026.07.18.1
BONE_LEDGER,ADULT,GF-0066,GF-JOURNAL-BATCH,SAME_JOURNAL_BATCH,JE-0021,JE-0022,journal_batch_id,Q4-CLOSE-03,norm-v1,CURATED_APPROXIMATION,GRAPHFRAMES_EXACT_MATCH,false,Same close batch supports coordinated posting; inspect authorship and source documents.,"[""JE-0021"",""JE-0022""]",2026.07.18.1
BONE_LEDGER,ADULT,GF-0067,GF-JOURNAL-BATCH,SAME_JOURNAL_BATCH,JE-0023,JE-0024,journal_batch_id,Q4-CLOSE-03,norm-v1,CURATED_APPROXIMATION,GRAPHFRAMES_EXACT_MATCH,false,Same close batch supports coordinated posting; inspect authorship and source documents.,"[""JE-0023"",""JE-0024""]",2026.07.18.1
BONE_LEDGER,ADULT,GF-0068,GF-CLOSE-MAILBOX,SAME_CLOSE_MAILBOX,JE-0001,JE-0002,close_mailbox,closebooks@boneandbrass.example,norm-v1,CURATED_APPROXIMATION,GRAPHFRAMES_EXACT_MATCH,false,"Central mailbox identifies infrastructure, not individual authorship.","[""JE-0001"",""JE-0002""]",2026.07.18.1
BONE_LEDGER,ADULT,GF-0069,GF-CLOSE-MAILBOX,SAME_CLOSE_MAILBOX,JE-0003,JE-0004,close_mailbox,closebooks@boneandbrass.example,norm-v1,CURATED_APPROXIMATION,GRAPHFRAMES_EXACT_MATCH,false,"Central mailbox identifies infrastructure, not individual authorship.","[""JE-0003"",""JE-0004""]",2026.07.18.1
BONE_LEDGER,ADULT,GF-0070,GF-CLOSE-MAILBOX,SAME_CLOSE_MAILBOX,JE-0005,JE-0006,close_mailbox,closebooks@boneandbrass.example,norm-v1,CURATED_APPROXIMATION,GRAPHFRAMES_EXACT_MATCH,false,"Central mailbox identifies infrastructure, not individual authorship.","[""JE-0005"",""JE-0006""]",2026.07.18.1
BONE_LEDGER,ADULT,GF-0071,GF-CLOSE-MAILBOX,SAME_CLOSE_MAILBOX,JE-0007,JE-0008,close_mailbox,closebooks@boneandbrass.example,norm-v1,CURATED_APPROXIMATION,GRAPHFRAMES_EXACT_MATCH,false,"Central mailbox identifies infrastructure, not individual authorship.","[""JE-0007"",""JE-0008""]",2026.07.18.1
BONE_LEDGER,ADULT,GF-0072,GF-CLOSE-MAILBOX,SAME_CLOSE_MAILBOX,JE-0009,JE-0010,close_mailbox,closebooks@boneandbrass.example,norm-v1,CURATED_APPROXIMATION,GRAPHFRAMES_EXACT_MATCH,false,"Central mailbox identifies infrastructure, not individual authorship.","[""JE-0009"",""JE-0010""]",2026.07.18.1
BONE_LEDGER,ADULT,GF-0073,GF-CLOSE-MAILBOX,SAME_CLOSE_MAILBOX,JE-0011,JE-0012,close_mailbox,closebooks@boneandbrass.example,norm-v1,CURATED_APPROXIMATION,GRAPHFRAMES_EXACT_MATCH,false,"Central mailbox identifies infrastructure, not individual authorship.","[""JE-0011"",""JE-0012""]",2026.07.18.1
BONE_LEDGER,ADULT,GF-0074,GF-LOAN-REF,SAME_LOAN_REFERENCE,LOAN-001,GUAR-001,loan_reference,LN-HBL-2025-001,norm-v1,CURATED_APPROXIMATION,GRAPHFRAMES_EXACT_MATCH,false,Reference equality links loan and guarantee; disclosure is a separate conclusion.,"[""LOAN-001"",""GUAR-001""]",2026.07.18.1
BONE_LEDGER,ADULT,GF-0075,GF-LOAN-REF,SAME_LOAN_REFERENCE,LOAN-002,GUAR-002,loan_reference,LN-HBL-2025-002,norm-v1,CURATED_APPROXIMATION,GRAPHFRAMES_EXACT_MATCH,false,Reference equality links loan and guarantee; disclosure is a separate conclusion.,"[""LOAN-002"",""GUAR-002""]",2026.07.18.1
BONE_LEDGER,ADULT,GF-0076,GF-LOAN-REF,SAME_LOAN_REFERENCE,LOAN-003,GUAR-003,loan_reference,LN-HBL-2025-003,norm-v1,CURATED_APPROXIMATION,GRAPHFRAMES_EXACT_MATCH,false,Reference equality links loan and guarantee; disclosure is a separate conclusion.,"[""LOAN-003"",""GUAR-003""]",2026.07.18.1
BONE_LEDGER,ADULT,GF-0077,GF-LOAN-REF,SAME_LOAN_REFERENCE,LOAN-004,GUAR-004,loan_reference,LN-HBL-2025-004,norm-v1,CURATED_APPROXIMATION,GRAPHFRAMES_EXACT_MATCH,false,Reference equality links loan and guarantee; disclosure is a separate conclusion.,"[""LOAN-004"",""GUAR-004""]",2026.07.18.1
BONE_LEDGER,ADULT,GF-0078,GF-LOAN-REF,SAME_LOAN_REFERENCE,LOAN-005,GUAR-005,loan_reference,LN-HBL-2025-005,norm-v1,CURATED_APPROXIMATION,GRAPHFRAMES_EXACT_MATCH,false,Reference equality links loan and guarantee; disclosure is a separate conclusion.,"[""LOAN-005"",""GUAR-005""]",2026.07.18.1
BONE_LEDGER,ADULT,GF-0079,GF-LOAN-REF,SAME_LOAN_REFERENCE,LOAN-006,GUAR-006,loan_reference,LN-HBL-2025-006,norm-v1,CURATED_APPROXIMATION,GRAPHFRAMES_EXACT_MATCH,false,Reference equality links loan and guarantee; disclosure is a separate conclusion.,"[""LOAN-006"",""GUAR-006""]",2026.07.18.1
BONE_LEDGER,ADULT,GF-0080,GF-LOAN-REF,SAME_LOAN_REFERENCE,LOAN-007,GUAR-007,loan_reference,LN-HBL-2025-007,norm-v1,CURATED_APPROXIMATION,GRAPHFRAMES_EXACT_MATCH,false,Reference equality links loan and guarantee; disclosure is a separate conclusion.,"[""LOAN-007"",""GUAR-007""]",2026.07.18.1
BONE_LEDGER,ADULT,GF-0081,GF-LOAN-REF,SAME_LOAN_REFERENCE,LOAN-008,GUAR-008,loan_reference,LN-HBL-2025-008,norm-v1,CURATED_APPROXIMATION,GRAPHFRAMES_EXACT_MATCH,false,Reference equality links loan and guarantee; disclosure is a separate conclusion.,"[""LOAN-008"",""GUAR-008""]",2026.07.18.1
BONE_LEDGER,ADULT,GF-0082,GF-LOAN-REF,SAME_LOAN_REFERENCE,LOAN-009,GUAR-009,loan_reference,LN-HBL-2025-009,norm-v1,CURATED_APPROXIMATION,GRAPHFRAMES_EXACT_MATCH,false,Reference equality links loan and guarantee; disclosure is a separate conclusion.,"[""LOAN-009"",""GUAR-009""]",2026.07.18.1
BONE_LEDGER,ADULT,GF-0083,GF-LOAN-REF,SAME_LOAN_REFERENCE,LOAN-010,GUAR-010,loan_reference,LN-HBL-2025-010,norm-v1,CURATED_APPROXIMATION,GRAPHFRAMES_EXACT_MATCH,false,Reference equality links loan and guarantee; disclosure is a separate conclusion.,"[""LOAN-010"",""GUAR-010""]",2026.07.18.1
BONE_LEDGER,ADULT,GF-0084,GF-LOAN-REF,SAME_LOAN_REFERENCE,LOAN-011,GUAR-011,loan_reference,LN-HBL-2025-011,norm-v1,CURATED_APPROXIMATION,GRAPHFRAMES_EXACT_MATCH,false,Reference equality links loan and guarantee; disclosure is a separate conclusion.,"[""LOAN-011"",""GUAR-011""]",2026.07.18.1
BONE_LEDGER,ADULT,GF-0085,GF-LOAN-REF,SAME_LOAN_REFERENCE,LOAN-012,GUAR-012,loan_reference,LN-HBL-2025-012,norm-v1,CURATED_APPROXIMATION,GRAPHFRAMES_EXACT_MATCH,false,Reference equality links loan and guarantee; disclosure is a separate conclusion.,"[""LOAN-012"",""GUAR-012""]",2026.07.18.1
BONE_LEDGER,ADULT,GF-0086,GF-LOAN-REF,SAME_LOAN_REFERENCE,LOAN-013,GUAR-013,loan_reference,LN-HBL-2026-013,norm-v1,CURATED_APPROXIMATION,GRAPHFRAMES_EXACT_MATCH,false,Reference equality links loan and guarantee; disclosure is a separate conclusion.,"[""LOAN-013"",""GUAR-013""]",2026.07.18.1
BONE_LEDGER,ADULT,GF-0087,GF-LOAN-REF,SAME_LOAN_REFERENCE,LOAN-014,GUAR-014,loan_reference,LN-HBL-2026-014,norm-v1,CURATED_APPROXIMATION,GRAPHFRAMES_EXACT_MATCH,false,Reference equality links loan and guarantee; disclosure is a separate conclusion.,"[""LOAN-014"",""GUAR-014""]",2026.07.18.1
BONE_LEDGER,ADULT,GF-0088,GF-LOAN-REF,SAME_LOAN_REFERENCE,LOAN-015,GUAR-015,loan_reference,LN-HBL-2026-015,norm-v1,CURATED_APPROXIMATION,GRAPHFRAMES_EXACT_MATCH,false,Reference equality links loan and guarantee; disclosure is a separate conclusion.,"[""LOAN-015"",""GUAR-015""]",2026.07.18.1
BONE_LEDGER,ADULT,GF-0089,GF-LOAN-REF,SAME_LOAN_REFERENCE,LOAN-016,GUAR-016,loan_reference,LN-HBL-2026-016,norm-v1,CURATED_APPROXIMATION,GRAPHFRAMES_EXACT_MATCH,false,Reference equality links loan and guarantee; disclosure is a separate conclusion.,"[""LOAN-016"",""GUAR-016""]",2026.07.18.1
BONE_LEDGER,ADULT,GF-0090,GF-GUARANTEE-REF,SAME_GUARANTEE_REFERENCE,GUAR-001,DOC-021,guarantee_reference,G-LN-HBL-2025-001,norm-v1,CURATED_APPROXIMATION,GRAPHFRAMES_EXACT_MATCH,false,Exact reference links protected loan and side letter.,"[""GUAR-001"",""DOC-021""]",2026.07.18.1
BONE_LEDGER,ADULT,GF-0091,GF-GUARANTEE-REF,SAME_GUARANTEE_REFERENCE,GUAR-002,DOC-021,guarantee_reference,G-LN-HBL-2025-002,norm-v1,CURATED_APPROXIMATION,GRAPHFRAMES_EXACT_MATCH,false,Exact reference links protected loan and side letter.,"[""GUAR-002"",""DOC-021""]",2026.07.18.1
BONE_LEDGER,ADULT,GF-0092,GF-GUARANTEE-REF,SAME_GUARANTEE_REFERENCE,GUAR-003,DOC-021,guarantee_reference,G-LN-HBL-2025-003,norm-v1,CURATED_APPROXIMATION,GRAPHFRAMES_EXACT_MATCH,false,Exact reference links protected loan and side letter.,"[""GUAR-003"",""DOC-021""]",2026.07.18.1
BONE_LEDGER,ADULT,GF-0093,GF-GUARANTEE-REF,SAME_GUARANTEE_REFERENCE,GUAR-004,DOC-021,guarantee_reference,G-LN-HBL-2025-004,norm-v1,CURATED_APPROXIMATION,GRAPHFRAMES_EXACT_MATCH,false,Exact reference links protected loan and side letter.,"[""GUAR-004"",""DOC-021""]",2026.07.18.1
BONE_LEDGER,ADULT,GF-0094,GF-GUARANTEE-REF,SAME_GUARANTEE_REFERENCE,GUAR-005,DOC-021,guarantee_reference,G-LN-HBL-2025-005,norm-v1,CURATED_APPROXIMATION,GRAPHFRAMES_EXACT_MATCH,false,Exact reference links protected loan and side letter.,"[""GUAR-005"",""DOC-021""]",2026.07.18.1
BONE_LEDGER,ADULT,GF-0095,GF-GUARANTEE-REF,SAME_GUARANTEE_REFERENCE,GUAR-006,DOC-021,guarantee_reference,G-LN-HBL-2025-006,norm-v1,CURATED_APPROXIMATION,GRAPHFRAMES_EXACT_MATCH,false,Exact reference links protected loan and side letter.,"[""GUAR-006"",""DOC-021""]",2026.07.18.1
BONE_LEDGER,ADULT,GF-0096,GF-GUARANTEE-REF,SAME_GUARANTEE_REFERENCE,GUAR-007,DOC-021,guarantee_reference,G-LN-HBL-2025-007,norm-v1,CURATED_APPROXIMATION,GRAPHFRAMES_EXACT_MATCH,false,Exact reference links protected loan and side letter.,"[""GUAR-007"",""DOC-021""]",2026.07.18.1
BONE_LEDGER,ADULT,GF-0097,GF-GUARANTEE-REF,SAME_GUARANTEE_REFERENCE,GUAR-008,DOC-021,guarantee_reference,G-LN-HBL-2025-008,norm-v1,CURATED_APPROXIMATION,GRAPHFRAMES_EXACT_MATCH,false,Exact reference links protected loan and side letter.,"[""GUAR-008"",""DOC-021""]",2026.07.18.1
BONE_LEDGER,ADULT,GF-0098,GF-ASSET-SERIAL,SAME_ASSET_SERIAL,ASSET-0001,ASSET-0005,asset_serial,ASSET-PRESS-0442,norm-v1,CURATED_APPROXIMATION,GRAPHFRAMES_EXACT_MATCH,false,"Duplicate serial may mean nonexistent, replacement or migrated asset; inspect custody evidence.","[""ASSET-0001"",""ASSET-0005""]",2026.07.18.1
BONE_LEDGER,ADULT,GF-0099,GF-ASSET-SERIAL,SAME_ASSET_SERIAL,ASSET-0001,ASSET-0009,asset_serial,ASSET-PRESS-0442,norm-v1,CURATED_APPROXIMATION,GRAPHFRAMES_EXACT_MATCH,false,"Duplicate serial may mean nonexistent, replacement or migrated asset; inspect custody evidence.","[""ASSET-0001"",""ASSET-0009""]",2026.07.18.1
BONE_LEDGER,ADULT,GF-0100,GF-ASSET-SERIAL,SAME_ASSET_SERIAL,ASSET-0001,ASSET-0013,asset_serial,ASSET-PRESS-0442,norm-v1,CURATED_APPROXIMATION,GRAPHFRAMES_EXACT_MATCH,false,"Duplicate serial may mean nonexistent, replacement or migrated asset; inspect custody evidence.","[""ASSET-0001"",""ASSET-0013""]",2026.07.18.1
BONE_LEDGER,ADULT,GF-0101,GF-ASSET-SERIAL,SAME_ASSET_SERIAL,ASSET-0001,ASSET-0017,asset_serial,ASSET-PRESS-0442,norm-v1,CURATED_APPROXIMATION,GRAPHFRAMES_EXACT_MATCH,false,"Duplicate serial may mean nonexistent, replacement or migrated asset; inspect custody evidence.","[""ASSET-0001"",""ASSET-0017""]",2026.07.18.1
BONE_LEDGER,ADULT,GF-0102,GF-ASSET-SERIAL,SAME_ASSET_SERIAL,ASSET-0002,ASSET-0006,asset_serial,ASSET-FORK-0771,norm-v1,CURATED_APPROXIMATION,GRAPHFRAMES_EXACT_MATCH,false,"Duplicate serial may mean nonexistent, replacement or migrated asset; inspect custody evidence.","[""ASSET-0002"",""ASSET-0006""]",2026.07.18.1
BONE_LEDGER,ADULT,GF-0103,GF-ASSET-SERIAL,SAME_ASSET_SERIAL,ASSET-0002,ASSET-0010,asset_serial,ASSET-FORK-0771,norm-v1,CURATED_APPROXIMATION,GRAPHFRAMES_EXACT_MATCH,false,"Duplicate serial may mean nonexistent, replacement or migrated asset; inspect custody evidence.","[""ASSET-0002"",""ASSET-0010""]",2026.07.18.1
BONE_LEDGER,ADULT,GF-0104,GF-ASSET-SERIAL,SAME_ASSET_SERIAL,ASSET-0002,ASSET-0014,asset_serial,ASSET-FORK-0771,norm-v1,CURATED_APPROXIMATION,GRAPHFRAMES_EXACT_MATCH,false,"Duplicate serial may mean nonexistent, replacement or migrated asset; inspect custody evidence.","[""ASSET-0002"",""ASSET-0014""]",2026.07.18.1
BONE_LEDGER,ADULT,GF-0105,GF-ASSET-SERIAL,SAME_ASSET_SERIAL,ASSET-0002,ASSET-0018,asset_serial,ASSET-FORK-0771,norm-v1,CURATED_APPROXIMATION,GRAPHFRAMES_EXACT_MATCH,false,"Duplicate serial may mean nonexistent, replacement or migrated asset; inspect custody evidence.","[""ASSET-0002"",""ASSET-0018""]",2026.07.18.1
BONE_LEDGER,ADULT,GF-0106,GF-ASSET-SERIAL,SAME_ASSET_SERIAL,ASSET-0003,ASSET-0007,asset_serial,ASSET-SORT-0188,norm-v1,CURATED_APPROXIMATION,GRAPHFRAMES_EXACT_MATCH,false,"Duplicate serial may mean nonexistent, replacement or migrated asset; inspect custody evidence.","[""ASSET-0003"",""ASSET-0007""]",2026.07.18.1
BONE_LEDGER,ADULT,GF-0107,GF-ASSET-SERIAL,SAME_ASSET_SERIAL,ASSET-0003,ASSET-0011,asset_serial,ASSET-SORT-0188,norm-v1,CURATED_APPROXIMATION,GRAPHFRAMES_EXACT_MATCH,false,"Duplicate serial may mean nonexistent, replacement or migrated asset; inspect custody evidence.","[""ASSET-0003"",""ASSET-0011""]",2026.07.18.1
BONE_LEDGER,ADULT,GF-0108,GF-ASSET-SERIAL,SAME_ASSET_SERIAL,ASSET-0003,ASSET-0015,asset_serial,ASSET-SORT-0188,norm-v1,CURATED_APPROXIMATION,GRAPHFRAMES_EXACT_MATCH,false,"Duplicate serial may mean nonexistent, replacement or migrated asset; inspect custody evidence.","[""ASSET-0003"",""ASSET-0015""]",2026.07.18.1
BONE_LEDGER,ADULT,GF-0109,GF-ASSET-SERIAL,SAME_ASSET_SERIAL,ASSET-0003,ASSET-0019,asset_serial,ASSET-SORT-0188,norm-v1,CURATED_APPROXIMATION,GRAPHFRAMES_EXACT_MATCH,false,"Duplicate serial may mean nonexistent, replacement or migrated asset; inspect custody evidence.","[""ASSET-0003"",""ASSET-0019""]",2026.07.18.1
BONE_LEDGER,ADULT,GF-0110,GF-ASSET-SERIAL,SAME_ASSET_SERIAL,ASSET-0004,ASSET-0008,asset_serial,ASSET-SCAN-0990,norm-v1,CURATED_APPROXIMATION,GRAPHFRAMES_EXACT_MATCH,false,"Duplicate serial may mean nonexistent, replacement or migrated asset; inspect custody evidence.","[""ASSET-0004"",""ASSET-0008""]",2026.07.18.1
BONE_LEDGER,ADULT,GF-0111,GF-ASSET-SERIAL,SAME_ASSET_SERIAL,ASSET-0004,ASSET-0012,asset_serial,ASSET-SCAN-0990,norm-v1,CURATED_APPROXIMATION,GRAPHFRAMES_EXACT_MATCH,false,"Duplicate serial may mean nonexistent, replacement or migrated asset; inspect custody evidence.","[""ASSET-0004"",""ASSET-0012""]",2026.07.18.1
BONE_LEDGER,ADULT,GF-0112,GF-ASSET-SERIAL,SAME_ASSET_SERIAL,ASSET-0004,ASSET-0016,asset_serial,ASSET-SCAN-0990,norm-v1,CURATED_APPROXIMATION,GRAPHFRAMES_EXACT_MATCH,false,"Duplicate serial may mean nonexistent, replacement or migrated asset; inspect custody evidence.","[""ASSET-0004"",""ASSET-0016""]",2026.07.18.1
BONE_LEDGER,ADULT,GF-0113,GF-ASSET-SERIAL,SAME_ASSET_SERIAL,ASSET-0004,ASSET-0020,asset_serial,ASSET-SCAN-0990,norm-v1,CURATED_APPROXIMATION,GRAPHFRAMES_EXACT_MATCH,false,"Duplicate serial may mean nonexistent, replacement or migrated asset; inspect custody evidence.","[""ASSET-0004"",""ASSET-0020""]",2026.07.18.1
BONE_LEDGER,ADULT,GF-0114,GF-SIGNATURE,SAME_APPROVER_SIGNATURE,PO-0001,PO-0002,approval_signature_hash,sig-board-v1,norm-v1,CURATED_APPROXIMATION,GRAPHFRAMES_EXACT_MATCH,false,Same signature can be authorized digital signing or copied approval.,"[""PO-0001"",""PO-0002""]",2026.07.18.1
BONE_LEDGER,ADULT,GF-0115,GF-SIGNATURE,SAME_APPROVER_SIGNATURE,PO-0003,PO-0004,approval_signature_hash,sig-cchow-v2,norm-v1,CURATED_APPROXIMATION,GRAPHFRAMES_EXACT_MATCH,false,Same signature can be authorized digital signing or copied approval.,"[""PO-0003"",""PO-0004""]",2026.07.18.1
BONE_LEDGER,ADULT,GF-0116,GF-SIGNATURE,SAME_APPROVER_SIGNATURE,PO-0005,PO-0006,approval_signature_hash,sig-board-v1,norm-v1,CURATED_APPROXIMATION,GRAPHFRAMES_EXACT_MATCH,false,Same signature can be authorized digital signing or copied approval.,"[""PO-0005"",""PO-0006""]",2026.07.18.1
BONE_LEDGER,ADULT,GF-0117,GF-SIGNATURE,SAME_APPROVER_SIGNATURE,PO-0007,PO-0008,approval_signature_hash,sig-cchow-v2,norm-v1,CURATED_APPROXIMATION,GRAPHFRAMES_EXACT_MATCH,false,Same signature can be authorized digital signing or copied approval.,"[""PO-0007"",""PO-0008""]",2026.07.18.1
BONE_LEDGER,ADULT,GF-0118,GF-SIGNATURE,SAME_APPROVER_SIGNATURE,PO-0009,PO-0010,approval_signature_hash,sig-board-v1,norm-v1,CURATED_APPROXIMATION,GRAPHFRAMES_EXACT_MATCH,false,Same signature can be authorized digital signing or copied approval.,"[""PO-0009"",""PO-0010""]",2026.07.18.1
BONE_LEDGER,ADULT,GF-0119,GF-SIGNATURE,SAME_APPROVER_SIGNATURE,PO-0011,PO-0012,approval_signature_hash,sig-cchow-v2,norm-v1,CURATED_APPROXIMATION,GRAPHFRAMES_EXACT_MATCH,false,Same signature can be authorized digital signing or copied approval.,"[""PO-0011"",""PO-0012""]",2026.07.18.1
BONE_LEDGER,ADULT,GF-0120,GF-SIGNATURE,SAME_APPROVER_SIGNATURE,PO-0013,PO-0014,approval_signature_hash,sig-board-v1,norm-v1,CURATED_APPROXIMATION,GRAPHFRAMES_EXACT_MATCH,false,Same signature can be authorized digital signing or copied approval.,"[""PO-0013"",""PO-0014""]",2026.07.18.1
BONE_LEDGER,ADULT,GF-0121,GF-SIGNATURE,SAME_APPROVER_SIGNATURE,PO-0015,PO-0016,approval_signature_hash,sig-cchow-v2,norm-v1,CURATED_APPROXIMATION,GRAPHFRAMES_EXACT_MATCH,false,Same signature can be authorized digital signing or copied approval.,"[""PO-0015"",""PO-0016""]",2026.07.18.1
BONE_LEDGER,ADULT,GF-0122,GF-SIGNATURE,SAME_APPROVER_SIGNATURE,PO-0017,PO-0018,approval_signature_hash,sig-board-v1,norm-v1,CURATED_APPROXIMATION,GRAPHFRAMES_EXACT_MATCH,false,Same signature can be authorized digital signing or copied approval.,"[""PO-0017"",""PO-0018""]",2026.07.18.1
BONE_LEDGER,ADULT,GF-0123,GF-SIGNATURE,SAME_APPROVER_SIGNATURE,PO-0019,PO-0020,approval_signature_hash,sig-cchow-v2,norm-v1,CURATED_APPROXIMATION,GRAPHFRAMES_EXACT_MATCH,false,Same signature can be authorized digital signing or copied approval.,"[""PO-0019"",""PO-0020""]",2026.07.18.1
BONE_LEDGER,ADULT,GF-0124,GF-SIGNATURE,SAME_APPROVER_SIGNATURE,PO-0021,PO-0022,approval_signature_hash,sig-board-v1,norm-v1,CURATED_APPROXIMATION,GRAPHFRAMES_EXACT_MATCH,false,Same signature can be authorized digital signing or copied approval.,"[""PO-0021"",""PO-0022""]",2026.07.18.1
BONE_LEDGER,ADULT,GF-0125,GF-SIGNATURE,SAME_APPROVER_SIGNATURE,PO-0023,PO-0024,approval_signature_hash,sig-cchow-v2,norm-v1,CURATED_APPROXIMATION,GRAPHFRAMES_EXACT_MATCH,false,Same signature can be authorized digital signing or copied approval.,"[""PO-0023"",""PO-0024""]",2026.07.18.1
BONE_LEDGER,ADULT,GF-0126,GF-PAYMENT-BATCH,SAME_PAYMENT_BATCH,INV-0001,INV-0002,payment_batch_id,PAY-0001,norm-v1,CURATED_APPROXIMATION,GRAPHFRAMES_EXACT_MATCH,false,"Shared payment batch supports chronology, not invoice validity.","[""INV-0001"",""INV-0002""]",2026.07.18.1
BONE_LEDGER,ADULT,GF-0127,GF-PAYMENT-BATCH,SAME_PAYMENT_BATCH,INV-0003,INV-0004,payment_batch_id,PAY-0001,norm-v1,CURATED_APPROXIMATION,GRAPHFRAMES_EXACT_MATCH,false,"Shared payment batch supports chronology, not invoice validity.","[""INV-0003"",""INV-0004""]",2026.07.18.1
BONE_LEDGER,ADULT,GF-0128,GF-PAYMENT-BATCH,SAME_PAYMENT_BATCH,INV-0005,INV-0006,payment_batch_id,PAY-0001,norm-v1,CURATED_APPROXIMATION,GRAPHFRAMES_EXACT_MATCH,false,"Shared payment batch supports chronology, not invoice validity.","[""INV-0005"",""INV-0006""]",2026.07.18.1
BONE_LEDGER,ADULT,GF-0129,GF-PAYMENT-BATCH,SAME_PAYMENT_BATCH,INV-0007,INV-0008,payment_batch_id,PAY-0002,norm-v1,CURATED_APPROXIMATION,GRAPHFRAMES_EXACT_MATCH,false,"Shared payment batch supports chronology, not invoice validity.","[""INV-0007"",""INV-0008""]",2026.07.18.1
BONE_LEDGER,ADULT,GF-0130,GF-PAYMENT-BATCH,SAME_PAYMENT_BATCH,INV-0009,INV-0010,payment_batch_id,PAY-0002,norm-v1,CURATED_APPROXIMATION,GRAPHFRAMES_EXACT_MATCH,false,"Shared payment batch supports chronology, not invoice validity.","[""INV-0009"",""INV-0010""]",2026.07.18.1
BONE_LEDGER,ADULT,GF-0131,GF-PAYMENT-BATCH,SAME_PAYMENT_BATCH,INV-0011,INV-0012,payment_batch_id,PAY-0003,norm-v1,CURATED_APPROXIMATION,GRAPHFRAMES_EXACT_MATCH,false,"Shared payment batch supports chronology, not invoice validity.","[""INV-0011"",""INV-0012""]",2026.07.18.1
BONE_LEDGER,ADULT,GF-0132,GF-PAYMENT-BATCH,SAME_PAYMENT_BATCH,INV-0013,INV-0014,payment_batch_id,PAY-0003,norm-v1,CURATED_APPROXIMATION,GRAPHFRAMES_EXACT_MATCH,false,"Shared payment batch supports chronology, not invoice validity.","[""INV-0013"",""INV-0014""]",2026.07.18.1
BONE_LEDGER,ADULT,GF-0133,GF-PAYMENT-BATCH,SAME_PAYMENT_BATCH,INV-0015,INV-0016,payment_batch_id,PAY-0003,norm-v1,CURATED_APPROXIMATION,GRAPHFRAMES_EXACT_MATCH,false,"Shared payment batch supports chronology, not invoice validity.","[""INV-0015"",""INV-0016""]",2026.07.18.1
BONE_LEDGER,ADULT,GF-0134,GF-PAYMENT-BATCH,SAME_PAYMENT_BATCH,INV-0017,INV-0018,payment_batch_id,PAY-0004,norm-v1,CURATED_APPROXIMATION,GRAPHFRAMES_EXACT_MATCH,false,"Shared payment batch supports chronology, not invoice validity.","[""INV-0017"",""INV-0018""]",2026.07.18.1
BONE_LEDGER,ADULT,GF-0135,GF-PAYMENT-BATCH,SAME_PAYMENT_BATCH,INV-0019,INV-0020,payment_batch_id,PAY-0004,norm-v1,CURATED_APPROXIMATION,GRAPHFRAMES_EXACT_MATCH,false,"Shared payment batch supports chronology, not invoice validity.","[""INV-0019"",""INV-0020""]",2026.07.18.1
BONE_LEDGER,ADULT,GF-0136,GF-PAYMENT-BATCH,SAME_PAYMENT_BATCH,INV-0021,INV-0022,payment_batch_id,PAY-0005,norm-v1,CURATED_APPROXIMATION,GRAPHFRAMES_EXACT_MATCH,false,"Shared payment batch supports chronology, not invoice validity.","[""INV-0021"",""INV-0022""]",2026.07.18.1
BONE_LEDGER,ADULT,GF-0137,GF-PAYMENT-BATCH,SAME_PAYMENT_BATCH,INV-0023,INV-0024,payment_batch_id,PAY-0005,norm-v1,CURATED_APPROXIMATION,GRAPHFRAMES_EXACT_MATCH,false,"Shared payment batch supports chronology, not invoice validity.","[""INV-0023"",""INV-0024""]",2026.07.18.1
BONE_LEDGER,ADULT,GF-0138,GF-COST-CENTER,SAME_COST_CENTER,JL-0001-01,JL-0001-02,cost_center_id,CC-CORP,norm-v1,CURATED_APPROXIMATION,GRAPHFRAMES_EXACT_MATCH,false,Shared cost centre is routine accounting infrastructure.,"[""JL-0001-01"",""JL-0001-02""]",2026.07.18.1
BONE_LEDGER,ADULT,GF-0139,GF-COST-CENTER,SAME_COST_CENTER,JL-0001-03,JL-0001-04,cost_center_id,CC-LEASE,norm-v1,CURATED_APPROXIMATION,GRAPHFRAMES_EXACT_MATCH,false,Shared cost centre is routine accounting infrastructure.,"[""JL-0001-03"",""JL-0001-04""]",2026.07.18.1
BONE_LEDGER,ADULT,GF-0140,GF-COST-CENTER,SAME_COST_CENTER,JL-0002-01,JL-0002-02,cost_center_id,CC-CORP,norm-v1,CURATED_APPROXIMATION,GRAPHFRAMES_EXACT_MATCH,false,Shared cost centre is routine accounting infrastructure.,"[""JL-0002-01"",""JL-0002-02""]",2026.07.18.1
BONE_LEDGER,ADULT,GF-0141,GF-COST-CENTER,SAME_COST_CENTER,JL-0002-03,JL-0002-04,cost_center_id,CC-LEASE,norm-v1,CURATED_APPROXIMATION,GRAPHFRAMES_EXACT_MATCH,false,Shared cost centre is routine accounting infrastructure.,"[""JL-0002-03"",""JL-0002-04""]",2026.07.18.1
BONE_LEDGER,ADULT,GF-0142,GF-COST-CENTER,SAME_COST_CENTER,JL-0003-01,JL-0003-02,cost_center_id,CC-CORP,norm-v1,CURATED_APPROXIMATION,GRAPHFRAMES_EXACT_MATCH,false,Shared cost centre is routine accounting infrastructure.,"[""JL-0003-01"",""JL-0003-02""]",2026.07.18.1
BONE_LEDGER,ADULT,GF-0143,GF-COST-CENTER,SAME_COST_CENTER,JL-0003-03,JL-0003-04,cost_center_id,CC-LEASE,norm-v1,CURATED_APPROXIMATION,GRAPHFRAMES_EXACT_MATCH,false,Shared cost centre is routine accounting infrastructure.,"[""JL-0003-03"",""JL-0003-04""]",2026.07.18.1
BONE_LEDGER,ADULT,GF-0144,GF-COST-CENTER,SAME_COST_CENTER,JL-0004-01,JL-0004-02,cost_center_id,CC-CORP,norm-v1,CURATED_APPROXIMATION,GRAPHFRAMES_EXACT_MATCH,false,Shared cost centre is routine accounting infrastructure.,"[""JL-0004-01"",""JL-0004-02""]",2026.07.18.1
BONE_LEDGER,ADULT,GF-0145,GF-COST-CENTER,SAME_COST_CENTER,JL-0004-03,JL-0004-04,cost_center_id,CC-LEASE,norm-v1,CURATED_APPROXIMATION,GRAPHFRAMES_EXACT_MATCH,false,Shared cost centre is routine accounting infrastructure.,"[""JL-0004-03"",""JL-0004-04""]",2026.07.18.1
BONE_LEDGER,ADULT,GF-0146,GF-COST-CENTER,SAME_COST_CENTER,JL-0005-01,JL-0005-02,cost_center_id,CC-CORP,norm-v1,CURATED_APPROXIMATION,GRAPHFRAMES_EXACT_MATCH,false,Shared cost centre is routine accounting infrastructure.,"[""JL-0005-01"",""JL-0005-02""]",2026.07.18.1
BONE_LEDGER,ADULT,GF-0147,GF-COST-CENTER,SAME_COST_CENTER,JL-0005-03,JL-0005-04,cost_center_id,CC-LEASE,norm-v1,CURATED_APPROXIMATION,GRAPHFRAMES_EXACT_MATCH,false,Shared cost centre is routine accounting infrastructure.,"[""JL-0005-03"",""JL-0005-04""]",2026.07.18.1
